Index,Variant,"Region, subregion, country or area *",Notes,Location code,ISO3 Alpha-code,ISO2 Alpha-code,SDMX code**,Type,Parent code,Year,"Total Population, as of 1 January (thousands)","Total Population, as of 1 July (thousands)","Male Population, as of 1 July (thousands)","Female Population, as of 1 July (thousands)","Population Density, as of 1 July (persons per square km)","Population Sex Ratio, as of 1 July (males per 100 females)",median_age,"Natural Change, Births minus Deaths (thousands)","Rate of Natural Change (per 1,000 population)",Population Change (thousands),Population Growth Rate (percentage),Population Annual Doubling Time (years),Births (thousands),Births by women aged 15 to 19 (thousands),"Crude Birth Rate (births per 1,000 population)",Total Fertility Rate (live births per woman),Net Reproduction Rate (surviving daughters per woman),Mean Age Childbearing (years),Sex Ratio at Birth (males per 100 female births),Total Deaths (thousands),Male Deaths (thousands),Female Deaths (thousands),"Crude Death Rate (deaths per 1,000 population)","Life Expectancy at Birth, both sexes (years)",Male Life Expectancy at Birth (years),Female Life Expectancy at Birth (years),"Life Expectancy at Age 15, both sexes (years)",Male Life Expectancy at Age 15 (years),Female Life Expectancy at Age 15 (years),"Life Expectancy at Age 65, both sexes (years)",Male Life Expectancy at Age 65 (years),Female Life Expectancy at Age 65 (years),"Life Expectancy at Age 80, both sexes (years)",Male Life Expectancy at Age 80 (years),Female Life Expectancy at Age 80 (years),"Infant Deaths, under age 1 (thousands)","Infant Mortality Rate (infant deaths per 1,000 live births)",Live Births Surviving to Age 1 (thousands),"Under-Five Deaths, under age 5 (thousands)","Under-Five Mortality (deaths under age 5 per 1,000 live births)","Mortality before Age 40, both sexes (deaths under age 40 per 1,000 live births)","Male Mortality before Age 40 (deaths under age 40 per 1,000 male live births)","Female Mortality before Age 40 (deaths under age 40 per 1,000 female live births)","Mortality before Age 60, both sexes (deaths under age 60 per 1,000 live births)","Male Mortality before Age 60 (deaths under age 60 per 1,000 male live births)","Female Mortality before Age 60 (deaths under age 60 per 1,000 female live births)","Mortality between Age 15 and 50, both sexes (deaths under age 50 per 1,000 alive at age 15)","Male Mortality between Age 15 and 50 (deaths under age 50 per 1,000 males alive at age 15)","Female Mortality between Age 15 and 50 (deaths under age 50 per 1,000 females alive at age 15)","Mortality between Age 15 and 60, both sexes (deaths under age 60 per 1,000 alive at age 15)","Male Mortality between Age 15 and 60 (deaths under age 60 per 1,000 males alive at age 15)","Female Mortality between Age 15 and 60 (deaths under age 60 per 1,000 females alive at age 15)",Net Number of Migrants (thousands),"Net Migration Rate (per 1,000 population)"
2667,Estimates,Burundi,,108,BDI,BI,108,Country/Area,910,2022,  13 138,  13 321,  6 616,  6 705,513.3,98.7,15.7,   364,27.3,   366,2.75,25.2,   457,   39,34.3,4.98,2.18,30.2,   103,   93,   50,   43,7.0,62.9,60.8,64.9,52.8,51.0,54.5,13.4,12.7,13.9,5.8,5.4,6.0,   17,36.5,442.782,   23,   51,   167,   187,   147,   322,   358,   286,   163,   185,   141,   266,   300,   232,   2,0.2
2741,Estimates,Comoros,,174,COM,KM,174,Country/Area,910,2022,   826,   834,   420,   415,448.2,101.2,20.1,   18,21.8,   16,1.94,35.8,   24,   2,29.1,3.94,1.79,30.2,   103,   6,   3,   3,7.3,66.5,64.5,68.6,55.3,53.5,57.3,13.0,12.0,14.0,5.6,5.2,5.9,   1,38.3,23.460,   1,   48,   105,   116,   95,   247,   279,   213,   101,   114,   86,   202,   233,   169,-   2,-2.4
2815,Estimates,Djibouti,,262,DJI,DJ,262,Country/Area,910,2022,  1 129,  1 137,   564,   573,49.1,98.4,24.1,   15,13.5,   16,1.39,49.8,   24,   1,21.0,2.65,1.18,31.5,   104,   9,   5,   4,7.5,65.5,63.1,68.1,55.3,53.2,57.4,14.2,13.4,14.9,6.1,5.8,6.4,   1,37.2,23.158,   1,   52,   143,   167,   119,   273,   314,   230,   130,   155,   105,   218,   256,   180,   1,0.4
2889,Estimates,Eritrea,,232,ERI,ER,232,Country/Area,910,2022,  3 380,  3 409,  1 682,  1 728,28.1,97.3,18.4,   76,22.4,   59,1.73,40.0,   98,   14,28.7,3.79,1.73,29.2,   103,   22,   11,   10,6.3,67.8,65.7,69.8,56.2,54.5,57.9,14.5,13.8,15.0,6.2,5.9,6.4,   3,27.9,95.371,   4,   37,   114,   132,   95,   241,   275,   208,   115,   134,   96,   201,   231,   172,-   17,-5.0
2963,Estimates,Ethiopia,,231,ETH,ET,231,Country/Area,910,2022,  123 740,  125 384,  62 841,  62 543,125.4,100.5,18.5,  3 300,26.3,  3 288,2.62,26.4,  4 064,   498,32.4,4.08,1.84,29.1,   106,   764,   445,   319,6.1,66.9,63.7,70.3,56.1,53.4,58.9,14.6,13.6,15.4,6.3,5.8,6.6,   138,34.0,"3,945.305",   186,   46,   129,   160,   97,   252,   306,   196,   120,   153,   86,   203,   251,   153,-   12,-0.1
3037,Estimates,Kenya,,404,KEN,KE,404,Country/Area,910,2022,  53 711,  54 252,  26 981,  27 272,93.4,98.9,19.3,  1 092,20.1,  1 082,2.00,34.7,  1 483,   177,27.3,3.26,1.49,28.2,   102,   391,   210,   181,7.2,63.5,61.3,65.9,51.8,49.6,54.0,14.0,12.9,14.9,6.9,6.3,7.3,   45,30.2,"1,444.424",   61,   42,   140,   154,   127,   352,   392,   308,   184,   208,   160,   317,   358,   274,-   10,-0.2
3111,Estimates,Madagascar,,450,MDG,MG,450,Country/Area,910,2022,  30 061,  30 437,  15 267,  15 170,52.3,100.6,18.7,   754,24.8,   752,2.47,28.0,   989,   213,32.5,4.04,1.76,27.9,   104,   235,   126,   109,7.7,63.1,61.4,64.8,53.8,52.4,55.2,13.6,13.1,14.1,5.8,5.6,6.0,   45,45.1,952.191,   64,   66,   167,   183,   151,   311,   339,   281,   147,   163,   130,   245,   271,   218,-   1,-0.0
3185,Estimates,Malawi,,454,MWI,MW,454,Country/Area,910,2022,  20 305,  20 569,  10 031,  10 538,217.5,95.2,17.3,   533,25.9,   528,2.57,27.0,   653,   140,31.7,3.72,1.74,27.7,   101,   119,   66,   53,5.8,66.0,62.7,69.4,54.3,51.1,57.4,13.6,12.2,14.8,6.2,5.5,6.7,   20,30.6,635.448,   26,   41,   108,   132,   85,   282,   346,   221,   130,   168,   93,   246,   309,   186,-   5,-0.3
3259,Estimates,Mauritius,1,480,MUS,MU,480,Country/Area,910,2022,  1 278,  1 276,   639,   637,628.6,100.3,36.5,-   0,-0.1,-   3,-0.23,...,   12,   1,9.5,1.27,0.61,29.1,   104,   12,   7,   5,9.6,73.5,70.3,77.2,59.8,56.7,63.2,16.3,14.7,17.8,7.9,7.4,8.2,   0,12.9,11.991,   0,   15,   49,   65,   32,   171,   219,   119,   75,   101,   47,   157,   202,   107,-   3,-2.2
3333,Estimates,Mayotte,2,175,MYT,YT,175,Country/Area,910,2022,   300,   305,   146,   160,814.0,91.2,16.7,   10,32.8,   11,3.61,19.2,   11,   1,35.7,4.66,2.26,29.8,   103,   1,   1,   0,2.9,75.1,73.2,77.4,61.1,59.3,63.3,15.7,14.5,17.2,6.8,6.3,7.4,   0,8.9,10.810,   0,   12,   31,   38,   26,   123,   144,   101,   45,   53,   38,   111,   131,   90,   1,3.4
3407,Estimates,Mozambique,,508,MOZ,MZ,508,Country/Area,910,2022,  32 172,  32 656,  15 824,  16 832,41.5,94.0,16.2,  1 004,30.7,   969,2.97,23.4,  1 241,   274,38.0,4.84,2.17,28.4,   102,   237,   125,   112,7.3,63.0,59.8,65.9,53.1,50.0,55.8,12.5,11.6,13.0,5.2,5.0,5.4,   63,51.1,"1,190.004",   81,   66,   145,   171,   120,   312,   381,   248,   140,   183,   101,   255,   325,   190,-   35,-1.1
3481,Estimates,Réunion,2,638,REU,RE,638,Country/Area,910,2022,   870,   872,   414,   457,348.6,90.6,37.1,   7,7.5,   3,0.36,...,   12,   0,13.9,2.19,1.07,30.4,   103,   6,   3,   3,6.4,81.5,78.5,84.3,67.1,64.2,69.9,21.0,19.2,22.6,10.3,9.4,10.9,   0,5.2,12.070,   0,   7,   22,   31,   14,   86,   115,   59,   35,   50,   22,   79,   107,   52,-   3,-3.9
3555,Estimates,Rwanda,,646,RWA,RW,646,Country/Area,910,2022,  13 499,  13 651,  6 649,  7 002,563.9,95.0,19.2,   312,22.9,   303,2.22,31.2,   394,   24,28.9,3.78,1.75,30.6,   103,   82,   42,   40,6.0,67.5,65.2,69.6,55.6,53.5,57.5,13.9,13.0,14.5,6.2,5.9,6.4,   11,28.3,384.157,   15,   38,   99,   114,   84,   249,   291,   210,   111,   134,   89,   213,   254,   176,-   9,-0.7
3629,Estimates,Seychelles,,690,SYC,SC,690,Country/Area,910,2022,   124,   126,   69,   56,274.7,122.6,33.4,   1,4.5,   2,1.87,37.1,   2,   0,13.9,2.17,1.03,27.6,   104,   1,   1,   1,9.4,71.2,69.1,73.9,57.6,55.3,60.3,14.2,12.9,15.5,6.0,5.6,6.2,   0,11.9,1.726,   0,   15,   60,   60,   60,   183,   219,   140,   85,   98,   67,   167,   205,   123,   2,14.2
3703,Estimates,Somalia,,706,SOM,SO,706,Country/Area,910,2022,  17 572,  17 802,  8 920,  8 882,28.4,100.4,15.4,   551,31.0,   459,2.58,26.9,   780,   115,43.8,6.26,2.39,29.4,   104,   228,   122,   106,12.8,53.9,51.8,56.2,50.2,48.1,52.4,12.7,12.1,13.2,5.5,5.2,5.7,   67,86.7,731.683,   111,   144,   286,   311,   259,   439,   480,   398,   203,   236,   169,   316,   360,   271,-   92,-5.2
3777,Estimates,South Sudan,,728,SSD,SS,728,Country/Area,910,2022,  10 895,  11 021,  5 422,  5 599,19.5,96.8,17.6,   211,19.2,   251,2.28,30.4,   320,   67,29.1,3.96,1.63,28.7,   104,   109,   59,   50,9.9,57.2,54.3,60.1,50.5,47.7,53.1,12.8,11.9,13.5,5.5,5.1,5.8,   20,63.9,304.500,   31,   99,   240,   273,   207,   404,   458,   350,   200,   241,   161,   313,   368,   259,   40,3.7
3851,Estimates,Uganda,,800,UGA,UG,800,Country/Area,910,2022,  46 644,  47 313,  23 450,  23 863,236.8,98.3,16.3,  1 456,30.8,  1 337,2.83,24.5,  1 694,   304,35.8,4.39,2.02,28.4,   103,   238,   130,   108,5.0,67.7,64.7,70.5,56.1,53.2,58.7,15.9,14.1,17.3,8.4,7.0,9.2,   51,30.3,"1,649.115",   69,   41,   110,   126,   94,   275,   318,   233,   127,   151,   104,   238,   279,   197,-   119,-2.5
3925,Estimates,United Republic of Tanzania,3,834,TZA,TZ,834,Country/Area,910,2022,  63 767,  64 712,  32 066,  32 646,73.1,98.2,17.1,  1 928,29.8,  1 890,2.92,23.7,  2 306,   405,35.6,4.67,2.14,28.9,   103,   378,   205,   173,5.8,66.9,64.1,69.6,55.2,52.5,57.8,14.7,13.0,16.2,7.3,5.9,8.2,   69,30.1,"2,245.638",   92,   41,   112,   126,   97,   277,   318,   237,   130,   153,   108,   241,   280,   202,-   38,-0.6
3999,Estimates,Zambia,,894,ZMB,ZM,894,Country/Area,910,2022,  19 875,  20 153,  9 974,  10 179,27.1,98.0,17.3,   563,28.0,   555,2.75,25.2,   676,   132,33.5,4.18,1.91,28.5,   101,   113,   62,   51,5.6,65.3,62.8,67.7,54.6,52.4,56.8,12.7,11.8,13.4,5.3,4.8,5.6,   26,39.3,653.694,   37,   55,   121,   140,   102,   266,   311,   220,   115,   141,   90,   215,   258,   172,-   9,-0.4
4073,Estimates,Zimbabwe,,716,ZWE,ZW,716,Country/Area,910,2022,  15 935,  16 069,  7 643,  8 426,41.5,90.7,17.7,   371,23.1,   268,1.67,41.5,   496,   90,30.9,3.77,1.70,28.1,   102,   125,   63,   62,7.8,62.4,59.9,64.5,51.0,48.6,53.1,13.2,11.9,14.2,6.3,5.5,6.8,   17,34.1,481.729,   23,   48,   152,   167,   138,   362,   409,   324,   190,   218,   168,   324,   371,   285,-   103,-6.4
4221,Estimates,Angola,,24,AGO,AO,24,Country/Area,911,2022,  35 083,  35 635,  17 626,  18 009,28.6,97.9,16.4,  1 105,31.0,  1 104,3.10,22.4,  1 358,   262,38.1,5.21,2.33,28.6,   103,   253,   138,   115,7.1,64.2,61.7,66.8,54.5,52.2,56.7,13.4,12.4,14.2,6.0,5.5,6.2,   68,50.2,"1,303.153",   89,   67,   139,   157,   120,   291,   336,   246,   125,   150,   101,   231,   275,   189,-   1,-0.0
4295,Estimates,Cameroon,,120,CMR,CM,120,Country/Area,911,2022,  27 268,  27 633,  13 772,  13 860,59.3,99.4,17.6,   735,26.6,   730,2.64,26.2,   947,   160,34.3,4.40,1.94,28.4,   103,   212,   115,   97,7.7,62.4,60.3,64.6,52.9,51.0,54.8,12.7,12.0,13.3,5.4,5.3,5.5,   46,48.8,909.664,   66,   70,   154,   171,   136,   323,   363,   281,   146,   169,   122,   261,   301,   221,-   5,-0.2
4369,Estimates,Central African Republic,,140,CAF,CF,140,Country/Area,911,2022,  5 131,  5 098,  2 456,  2 642,8.2,93.0,14.3,-   49,-9.7,-   67,-1.31,...,   232,   52,45.4,6.02,1.24,29.0,   103,   281,   175,   106,55.1,18.8,15.4,25.6,19.0,12.6,31.6,5.3,4.6,5.9,2.7,2.4,2.9,   44,184.5,201.636,   94,   380,   851,   941,   670,   965,   993,   872,   840,   953,   558,   930,   986,   753,-   17,-3.4
4443,Estimates,Chad,,148,TCD,TD,148,Country/Area,911,2022,  18 143,  18 455,  9 259,  9 197,14.7,100.7,15.1,   588,31.9,   625,3.39,20.5,   800,   135,43.4,6.22,2.43,29.2,   104,   212,   114,   98,11.5,54.5,52.7,56.5,48.4,46.8,50.1,12.2,11.6,12.7,5.3,5.0,5.5,   52,66.1,759.445,   80,   103,   276,   296,   255,   448,   483,   412,   233,   257,   208,   351,   387,   315,   37,2.0
4517,Estimates,Congo,,178,COG,CG,178,Country/Area,911,2022,  5 962,  6 035,  3 017,  3 018,17.7,100.0,18.2,   147,24.4,   146,2.42,28.6,   187,   34,30.9,4.22,1.93,28.6,   103,   40,   21,   19,6.6,65.0,63.4,66.6,53.2,51.8,54.7,12.9,12.2,13.6,5.7,5.5,5.8,   6,29.7,181.890,   8,   41,   115,   125,   106,   297,   326,   268,   141,   154,   127,   261,   289,   233,-   1,-0.2
4591,Estimates,Democratic Republic of the Congo,,180,COD,CD,180,Country/Area,911,2022,  100 731,  102 397,  50 798,  51 599,45.2,98.4,15.8,  3 348,32.7,  3 333,3.26,21.3,  4 262,   574,41.6,6.11,2.61,30.1,   102,   914,   492,   422,8.9,61.0,58.9,63.1,52.5,50.8,54.2,13.3,12.7,13.8,5.7,5.4,5.9,   214,50.5,"4,087.103",   313,   76,   192,   213,   170,   345,   381,   307,   166,   189,   144,   271,   305,   237,-   15,-0.1
4665,Estimates,Equatorial Guinea,,226,GNQ,GQ,226,Country/Area,911,2022,  1 782,  1 804,   953,   851,64.3,112.0,21.0,   40,22.1,   44,2.43,28.5,   54,   12,30.1,4.17,1.85,27.1,   103,   14,   8,   6,8.0,63.4,61.7,65.3,54.1,52.7,55.6,13.2,12.6,13.7,5.8,5.6,6.0,   3,54.6,51.997,   4,   73,   149,   162,   134,   303,   331,   268,   130,   144,   112,   238,   264,   205,   4,2.2
4739,Estimates,Gabon,,266,GAB,GA,266,Country/Area,911,2022,  2 404,  2 431,  1 236,  1 195,9.4,103.4,21.5,   53,21.8,   54,2.22,31.2,   69,   10,28.3,3.71,1.73,28.5,   102,   16,   9,   7,6.5,67.7,65.4,70.3,55.9,53.7,58.3,14.3,13.4,15.1,6.5,6.2,6.7,   2,28.4,67.078,   3,   39,   97,   113,   81,   251,   293,   203,   110,   133,   85,   215,   256,   169,   1,0.4
4813,Estimates,Sao Tome and Principe,,678,STP,ST,678,Country/Area,911,2022,   224,   226,   113,   114,235.7,99.0,18.9,   5,22.5,   5,1.99,34.8,   6,   1,28.3,3.70,1.76,28.5,   103,   1,   1,   1,5.7,69.2,65.8,73.3,55.5,52.0,59.6,14.2,12.4,16.0,6.5,5.8,7.0,   0,12.1,6.331,   0,   14,   75,   94,   57,   236,   298,   168,   113,   148,   77,   221,   283,   152,-   1,-2.6
4961,Estimates,Algeria,,12,DZA,DZ,12,Country/Area,912,2022,  45 123,  45 477,  23 207,  22 271,19.1,104.2,28.0,   723,15.9,   708,1.56,44.5,   932,   14,20.5,2.82,1.34,31.5,   105,   209,   113,   96,4.6,76.1,74.7,77.6,63.0,61.7,64.3,16.4,15.4,17.4,7.0,6.4,7.5,   17,18.2,916.776,   21,   22,   41,   46,   36,   98,   107,   88,   34,   37,   30,   75,   83,   66,-   15,-0.3
5035,Estimates,Egypt,,818,EGY,EG,818,Country/Area,912,2022,  111 743,  112 618,  56 867,  55 751,113.1,102.0,23.8,  1 736,15.4,  1 750,1.55,44.6,  2 375,   210,21.1,2.75,1.30,28.0,   105,   639,   347,   292,5.7,71.0,68.8,73.2,57.5,55.4,59.7,13.0,11.8,14.0,5.3,4.9,5.5,   35,14.9,"2,344.065",   43,   18,   45,   54,   37,   163,   197,   127,   52,   65,   39,   144,   177,   109,   14,0.1
5109,Estimates,Libya,,434,LBY,LY,434,Country/Area,912,2022,  7 179,  7 224,  3 674,  3 550,4.3,103.5,26.9,   92,12.7,   90,1.25,55.7,   127,   2,17.5,2.40,1.14,31.9,   106,   35,   20,   15,4.8,74.5,72.0,77.2,60.4,58.0,63.0,15.9,14.4,17.4,7.0,6.4,7.6,   1,8.7,125.729,   1,   10,   41,   49,   32,   141,   171,   110,   59,   72,   45,   130,   160,   99,-   2,-0.3
5183,Estimates,Morocco,,504,MAR,MA,504,Country/Area,912,2022,  37 134,  37 329,  18 838,  18 492,83.6,101.9,28.9,   428,11.5,   389,1.04,66.5,   636,   38,17.0,2.26,1.07,29.9,   105,   208,   117,   91,5.6,75.2,73.1,77.4,61.6,59.7,63.8,15.8,14.4,17.2,6.8,6.0,7.3,   9,14.8,627.318,   11,   17,   38,   42,   33,   116,   137,   94,   40,   46,   34,   98,   118,   77,-   39,-1.0
5257,Estimates,Sudan,,729,SDN,SD,729,Country/Area,912,2022,  48 730,  49 383,  24 500,  24 883,28.0,98.5,18.1,  1 334,27.0,  1 307,2.65,26.2,  1 656,   180,33.5,4.38,1.97,29.8,   104,   322,   187,   135,6.5,65.7,63.0,68.6,55.2,52.9,57.6,13.9,13.2,14.8,5.9,5.6,6.2,   61,37.1,"1,603.814",   84,   52,   135,   161,   108,   268,   315,   221,   125,   155,   96,   215,   259,   173,-   27,-0.5
5331,Estimates,Tunisia,,788,TUN,TN,788,Country/Area,912,2022,  12 078,  12 119,  5 997,  6 122,78.0,98.0,31.7,   97,8.0,   83,0.68,101.8,   171,   2,14.1,1.85,0.88,31.3,   105,   75,   42,   33,6.2,76.1,73.5,78.7,62.1,59.6,64.7,16.1,14.6,17.5,6.9,6.2,7.4,   2,9.6,169.733,   2,   12,   35,   45,   25,   102,   133,   72,   42,   57,   28,   89,   119,   60,-   14,-1.2
5405,Estimates,Western Sahara,,732,ESH,EH,732,Country/Area,912,2022,   563,   569,   314,   255,2.1,122.9,31.7,   5,9.6,   11,1.95,35.6,   9,   1,15.9,2.19,1.02,30.0,   105,   4,   2,   1,6.3,71.1,69.5,73.2,58.6,57.1,60.4,14.3,13.4,15.2,5.9,5.6,6.3,   0,24.5,8.846,   0,   29,   63,   71,   54,   173,   194,   142,   63,   71,   54,   144,   162,   116,   6,9.9
5553,Estimates,Botswana,,72,BWA,BW,72,Country/Area,913,2022,  2 420,  2 440,  1 218,  1 222,4.3,99.7,22.6,   47,19.4,   40,1.64,42.2,   62,   7,25.3,2.79,1.29,28.7,   103,   14,   8,   6,5.8,68.7,66.3,71.2,56.9,54.6,59.3,14.8,13.5,15.9,7.1,6.1,7.8,   2,29.2,60.043,   2,   39,   93,   107,   79,   232,   269,   194,   100,   119,   79,   195,   231,   159,-   7,-3.0
5627,Estimates,Eswatini,,748,SWZ,SZ,748,Country/Area,913,2022,  1 213,  1 219,   598,   621,70.2,96.4,21.8,   20,16.5,   12,0.95,73.0,   30,   4,24.6,2.80,1.26,27.9,   103,   10,   5,   5,8.1,63.0,60.1,65.9,51.9,49.1,54.7,14.0,12.9,14.8,6.9,6.5,7.1,   1,38.8,29.020,   2,   51,   148,   169,   127,   354,   414,   297,   181,   218,   144,   313,   374,   255,-   9,-7.0
5701,Estimates,Lesotho,,426,LSO,LS,426,Country/Area,913,2022,  2 274,  2 286,  1 113,  1 173,75.3,94.9,21.3,   31,13.5,   25,1.08,63.9,   56,   8,24.4,2.72,1.17,27.9,   103,   25,   13,   12,10.9,56.8,54.1,59.4,46.9,44.3,49.3,12.8,11.3,13.8,6.5,5.6,7.0,   3,57.5,53.278,   4,   73,   218,   241,   196,   476,   529,   423,   269,   307,   233,   428,   482,   374,-   6,-2.6
5775,Estimates,Namibia,,516,NAM,NA,516,Country/Area,913,2022,  2 851,  2 890,  1 411,  1 479,3.5,95.4,20.8,   55,18.9,   77,2.66,26.1,   76,   9,26.3,3.25,1.51,29.0,   101,   22,   12,   10,7.5,64.2,60.4,68.1,52.1,48.4,55.9,13.3,11.3,14.9,6.7,5.1,7.5,   2,27.9,74.255,   3,   38,   121,   148,   95,   332,   404,   258,   164,   210,   117,   300,   373,   227,   22,7.7
5849,Estimates,South Africa,,710,ZAF,ZA,710,Country/Area,913,2022,  61 960,  62 378,  30 306,  32 073,51.1,94.5,27.9,   604,9.7,   837,1.34,51.7,  1 190,   131,19.1,2.23,1.02,28.3,   104,   586,   314,   272,9.4,65.5,61.8,69.0,53.5,50.0,57.0,15.0,13.2,16.4,8.0,7.1,8.5,   36,30.1,"1,158.923",   49,   41,   134,   162,   106,   317,   378,   256,   167,   203,   129,   284,   345,   224,   233,3.7
5997,Estimates,Benin,,204,BEN,BJ,204,Country/Area,914,2022,  13 585,  13 760,  6 896,  6 863,122.0,100.5,17.6,   350,25.4,   349,2.54,27.3,   473,   56,34.4,4.63,1.93,29.1,   104,   123,   64,   59,8.9,60.5,59.2,61.8,52.5,51.5,53.5,13.3,12.9,13.7,5.8,5.5,5.9,   25,53.7,452.266,   38,   81,   202,   214,   190,   349,   371,   328,   168,   180,   157,   269,   289,   250,-   0,-0.0
6071,Estimates,Burkina Faso,,854,BFA,BF,854,Country/Area,914,2022,  22 252,  22 509,  11 211,  11 298,82.3,99.2,17.0,   538,23.9,   513,2.28,30.4,   721,   109,32.0,4.28,1.82,29.2,   104,   183,   95,   88,8.1,60.7,58.8,62.6,52.1,50.3,53.8,12.1,11.5,12.6,4.7,4.4,4.8,   39,53.8,690.126,   57,   79,   183,   198,   168,   336,   376,   298,   157,   179,   135,   264,   304,   225,-   25,-1.1
6145,Estimates,Cabo Verde,,132,CPV,CV,132,Country/Area,914,2022,   518,   520,   264,   255,129.0,103.6,27.3,   4,7.4,   3,0.50,137.8,   6,   1,12.4,1.53,0.74,28.6,   103,   3,   1,   1,5.0,75.9,72.7,79.1,61.9,58.8,65.0,16.6,14.9,17.8,7.0,6.2,7.4,   0,10.3,6.407,   0,   12,   37,   46,   28,   127,   177,   72,   56,   77,   31,   115,   164,   60,-   1,-2.4
6219,Estimates,Côte d'Ivoire,,384,CIV,CI,384,Country/Area,914,2022,  30 006,  30 395,  15 492,  14 903,95.6,104.0,18.0,   750,24.7,   777,2.56,27.1,   988,   140,32.5,4.35,1.92,29.1,   103,   238,   134,   104,7.8,61.6,59.6,63.7,51.8,50.3,53.5,13.1,12.3,14.0,6.2,5.8,6.6,   52,53.1,946.316,   68,   69,   162,   179,   145,   356,   386,   322,   169,   184,   152,   300,   325,   270,   27,0.9
6293,Estimates,Gambia,,270,GMB,GM,270,Country/Area,914,2022,  2 606,  2 636,  1 312,  1 324,260.5,99.1,18.0,   64,24.1,   61,2.30,30.1,   81,   8,30.8,4.08,1.81,29.9,   103,   17,   9,   8,6.6,64.9,63.2,66.5,54.2,52.8,55.5,13.7,13.2,14.2,5.8,5.6,6.0,   2,30.5,78.975,   4,   46,   144,   159,   129,   288,   315,   260,   141,   157,   126,   237,   263,   213,-   3,-1.1
6367,Estimates,Ghana,,288,GHA,GH,288,Country/Area,914,2022,  32 831,  33 149,  16 561,  16 588,145.7,99.8,20.7,   646,19.5,   636,1.92,36.1,   882,   99,26.6,3.43,1.53,29.5,   104,   235,   128,   107,7.1,65.2,63.0,67.6,54.4,52.5,56.4,14.0,13.2,14.6,6.0,5.7,6.3,   28,31.6,857.510,   37,   42,   144,   166,   122,   282,   321,   242,   141,   165,   117,   233,   269,   196,-   10,-0.3
6441,Estimates,Guinea,,324,GIN,GN,324,Country/Area,914,2022,  13 881,  14 055,  6 943,  7 112,57.2,97.6,17.8,   353,25.1,   349,2.48,27.9,   483,   90,34.4,4.30,1.78,28.3,   105,   131,   66,   65,9.3,60.4,59.2,61.6,53.3,52.4,54.2,13.6,13.2,13.9,5.9,5.7,6.0,   32,66.9,458.506,   46,   95,   205,   216,   194,   343,   363,   324,   157,   166,   148,   253,   271,   237,-   4,-0.3
6515,Estimates,Guinea-Bissau,,624,GNB,GW,624,Country/Area,914,2022,  2 082,  2 106,  1 040,  1 066,74.9,97.5,18.7,   49,23.2,   48,2.26,30.7,   64,   9,30.5,3.91,1.71,29.5,   104,   15,   8,   7,7.2,63.6,61.2,65.9,54.3,52.2,56.2,13.6,12.6,14.2,6.1,5.7,6.3,   3,50.4,61.542,   5,   72,   152,   169,   134,   303,   345,   262,   134,   157,   111,   238,   279,   200,-   1,-0.7
6589,Estimates,Liberia,,430,LBR,LR,430,Country/Area,914,2022,  5 314,  5 373,  2 681,  2 692,55.8,99.6,18.2,   124,23.0,   119,2.21,31.4,   168,   38,31.2,4.02,1.76,28.3,   104,   44,   23,   21,8.2,61.9,60.7,63.2,52.4,51.5,53.3,12.3,12.1,12.5,5.3,5.4,5.3,   10,57.3,160.133,   12,   73,   155,   167,   142,   330,   354,   306,   147,   158,   135,   268,   290,   247,-   5,-0.9
6663,Estimates,Mali,,466,MLI,ML,466,Country/Area,914,2022,  22 729,  23 073,  11 645,  11 428,18.9,101.9,15.3,   726,31.5,   687,2.98,23.3,   931,   178,40.3,5.69,2.38,28.9,   103,   204,   108,   96,8.9,60.0,58.6,61.5,52.4,51.1,53.8,12.3,11.8,12.7,4.7,4.6,4.9,   58,62.4,885.673,   86,   95,   196,   206,   186,   340,   369,   309,   153,   168,   137,   255,   285,   224,-   40,-1.7
6737,Estimates,Mauritania,,478,MRT,MR,478,Country/Area,914,2022,  4 803,  4 876,  2 388,  2 487,4.7,96.0,17.0,   142,29.2,   145,2.98,23.2,   170,   24,34.8,4.77,2.20,30.2,   103,   27,   15,   13,5.6,68.3,66.3,70.3,56.5,54.7,58.2,13.5,12.4,14.5,5.8,5.4,6.1,   5,31.7,165.225,   7,   39,   88,   97,   79,   218,   246,   191,   87,   97,   78,   180,   206,   156,   3,0.6
6811,Estimates,Niger,,562,NER,NE,562,Country/Area,914,2022,  24 897,  25 312,  12 851,  12 461,20.0,103.1,15.1,   830,32.8,   831,3.28,21.1,  1 062,   205,42.0,6.14,2.53,29.1,   104,   232,   120,   112,9.2,60.4,59.5,61.3,54.2,53.3,55.1,12.6,12.2,13.0,4.8,4.7,4.9,   69,65.3,"1,008.483",   121,   118,   190,   192,   188,   323,   341,   303,   122,   128,   116,   221,   240,   200,   1,0.0
6885,Estimates,Nigeria,,566,NGA,NG,566,Country/Area,914,2022,  220 807,  223 151,  112 785,  110 366,245.0,102.2,17.6,  4 739,21.2,  4 688,2.10,33.0,  7 407,  1 052,33.2,4.55,1.74,29.3,   104,  2 667,  1 348,  1 320,12.0,54.1,53.8,54.4,48.3,48.0,48.6,12.1,11.9,12.2,5.2,5.1,5.3,   526,71.2,"7,009.686",   788,   107,   282,   281,   282,   453,   459,   447,   234,   235,   233,   353,   360,   346,-   52,-0.2
6959,Estimates,Saint Helena,4,654,SHN,SH,654,Country/Area,914,2022,   5,   5,   3,   3,13.7,101.0,50.2,-   0,-9.0,-   0,-0.94,...,   0,   0,7.5,1.64,0.78,30.6,   105,   0,   0,   0,16.5,76.7,73.7,80.9,63.0,60.1,66.9,16.6,14.7,19.4,7.3,6.1,8.7,0,12.3,0.040,   0,   14,   31,   39,   23,   97,   129,   65,   33,   42,   23,   82,   111,   53,0,0
7033,Estimates,Senegal,,686,SEN,SN,686,Country/Area,914,2022,  17 435,  17 651,  8 976,  8 675,91.7,103.5,18.9,   416,23.5,   432,2.45,28.3,   520,   58,29.5,3.86,1.78,30.0,   103,   104,   59,   46,5.9,67.8,65.9,69.9,56.0,54.3,57.8,13.1,12.4,13.9,5.0,4.7,5.2,   13,25.1,508.464,   19,   37,   95,   106,   84,   224,   260,   187,   96,   112,   81,   186,   220,   151,   16,0.9
7107,Estimates,Sierra Leone,,694,SLE,SL,694,Country/Area,914,2022,  8 185,  8 277,  4 127,  4 150,115.4,99.5,19.0,   187,22.5,   183,2.21,31.4,   257,   43,31.1,3.88,1.66,28.6,   103,   71,   37,   33,8.5,61.3,59.5,63.0,54.0,52.6,55.3,12.5,11.9,13.1,5.3,5.0,5.5,   19,73.9,243.531,   26,   101,   173,   187,   159,   314,   341,   286,   120,   131,   110,   225,   248,   201,-   4,-0.5
7181,Estimates,Togo,,768,TGO,TG,768,Country/Area,914,2022,  8 983,  9 090,  4 572,  4 517,167.1,101.2,18.7,   215,23.7,   213,2.34,29.6,   287,   36,31.5,4.25,1.83,29.1,   103,   72,   36,   36,7.9,62.3,62.1,62.5,52.5,52.4,52.6,12.2,12.0,12.3,4.7,4.6,4.7,   12,42.6,276.452,   17,   60,   164,   157,   171,   312,   318,   306,   149,   145,   154,   251,   258,   245,-   2,-0.2
7403,Estimates,Kazakhstan,,398,KAZ,KZ,398,Country/Area,5500,2022,  19 873,  20 035,  9 748,  10 286,7.4,94.8,29.3,   277,13.8,   323,1.61,43.0,   417,   13,20.8,3.05,1.45,29.0,   107,   140,   77,   63,7.0,73.5,69.0,77.8,59.4,54.9,63.6,16.0,13.3,17.8,7.8,6.3,8.4,   3,8.3,414.115,   4,   10,   44,   59,   28,   171,   238,   105,   78,   111,   44,   161,   227,   95,   46,2.3
7477,Estimates,Kyrgyzstan,,417,KGZ,KG,417,Country/Area,5500,2022,  6 895,  6 956,  3 440,  3 516,36.3,97.8,25.0,   109,15.6,   121,1.74,39.7,   150,   8,21.6,2.81,1.33,28.5,   106,   42,   24,   18,6.0,71.5,68.0,75.1,57.9,54.5,61.4,14.0,12.4,15.4,5.9,5.3,6.2,   2,14.6,148.342,   3,   18,   48,   62,   34,   177,   241,   113,   74,   104,   43,   160,   223,   98,   13,1.8
7551,Estimates,Tajikistan,,762,TJK,TJ,762,Country/Area,5500,2022,  10 077,  10 182,  4 996,  5 187,71.2,96.3,21.7,   228,22.4,   211,2.08,33.4,   275,   19,27.0,3.13,1.46,26.5,   106,   47,   26,   21,4.6,71.6,69.3,73.8,59.0,57.0,61.0,14.3,13.1,15.4,6.1,5.6,6.4,   7,25.2,269.190,   8,   31,   58,   68,   49,   163,   194,   133,   57,   69,   45,   134,   162,   107,-   17,-1.7
7625,Estimates,Turkmenistan,,795,TKM,TM,795,Country/Area,5500,2022,  7 162,  7 230,  3 542,  3 688,15.4,96.0,25.9,   122,16.8,   136,1.88,36.9,   164,   5,22.6,2.73,1.26,27.8,   107,   42,   21,   20,5.8,69.9,66.7,72.7,58.1,55.1,60.5,14.1,12.5,15.0,6.0,5.4,6.2,   5,32.4,159.085,   7,   40,   74,   87,   60,   192,   245,   143,   69,   93,   47,   155,   205,   109,   14,2.0
7699,Estimates,Uzbekistan,,860,UZB,UZ,860,Country/Area,5500,2022,  34 584,  34 939,  17 619,  17 320,82.1,101.7,26.8,   715,20.5,   710,2.03,34.1,   927,   43,26.5,3.40,1.59,27.0,   108,   211,   118,   93,6.0,72.1,69.0,75.3,58.6,55.6,61.6,14.9,12.9,16.7,7.1,5.8,7.9,   10,11.2,917.703,   12,   14,   50,   59,   40,   177,   218,   135,   72,   90,   54,   160,   200,   119,-   5,-0.1
7847,Estimates,China,5,156,CHN,CN,156,Country/Area,906,2022, 1 426 098, 1 425 180,  727 091,  698 089,148.5,104.2,38.5,-  1 543,-1.1,-  1 837,-0.13,...,  9 455,   202,6.6,1.03,0.48,29.0,   111,  10 999,  6 276,  4 723,7.7,78.2,75.5,81.1,63.9,61.2,66.8,17.7,15.8,19.5,7.8,6.7,8.6,   51,5.3,"9,411.944",   72,   7,   26,   31,   21,   91,   117,   63,   35,   45,   25,   82,   108,   55,-   294,-0.2
7921,Estimates,"China, Hong Kong SAR",6,344,HKG,HK,344,Country/Area,906,2022,  7 479,  7 466,  3 368,  4 098,6793.4,82.2,45.6,-   24,-3.2,-   27,-0.36,...,   42,   0,5.7,0.71,0.34,32.9,   108,   66,   36,   30,8.8,83.5,80.8,86.1,68.7,66.1,71.3,21.4,19.5,23.3,10.7,9.5,11.8,   0,1.4,42.269,   0,   2,   11,   15,   8,   54,   75,   39,   21,   29,   14,   52,   72,   36,-   3,-0.5
7995,Estimates,"China, Macao SAR",7,446,MAC,MO,446,Country/Area,906,2022,   700,   704,   326,   379,22011.1,86.0,37.8,   0,0.6,   9,1.31,53.1,   5,   0,6.4,0.66,0.32,32.1,   108,   4,   2,   2,5.8,82.1,80.3,83.9,67.4,65.7,69.2,19.2,18.1,20.5,7.7,7.6,7.9,   0,2.4,4.507,   0,   3,   9,   11,   8,   39,   55,   27,   13,   18,   10,   36,   51,   24,   9,12.4
8069,Estimates,"China, Taiwan Province of China",8,158,TWN,TW,158,Country/Area,906,2022,  23 470,  23 420,  11 616,  11 805,661.4,98.4,42.9,-   75,-3.2,-   100,-0.43,...,   135,   2,5.8,0.87,0.42,31.9,   107,   211,   118,   93,9.0,80.2,77.3,83.2,65.6,62.7,68.6,19.9,18.3,21.5,8.8,8.0,9.5,   0,3.0,135.128,   1,   4,   19,   25,   14,   103,   140,   66,   42,   59,   25,   99,   136,   61,-   25,-1.1
8143,Estimates,Dem. People's Republic of Korea,,408,PRK,KP,408,Country/Area,906,2022,  26 282,  26 329,  13 002,  13 326,218.7,97.6,35.8,   96,3.7,   94,0.36,...,   346,   0,13.1,1.80,0.84,28.8,   106,   250,   119,   131,9.5,73.6,71.5,75.7,60.4,58.4,62.3,16.0,14.9,16.8,6.7,6.0,7.0,   5,14.3,341.825,   6,   18,   63,   76,   49,   151,   179,   123,   70,   85,   54,   131,   156,   104,-   2,-0.1
8217,Estimates,Japan,,392,JPN,JP,392,Country/Area,906,2022,  125 324,  124 998,  61 026,  63 971,331.7,95.4,48.5,-   829,-6.6,-   654,-0.52,...,   787,   5,6.3,1.26,0.61,31.9,   105,  1 615,   829,   786,12.9,84.1,81.1,87.1,69.3,66.3,72.3,21.9,19.4,24.3,10.5,8.9,11.7,   1,1.7,785.429,   2,   2,   13,   16,   11,   54,   68,   40,   22,   27,   17,   51,   65,   37,   175,1.4
8291,Estimates,Mongolia,,496,MNG,MN,496,Country/Area,906,2022,  3 362,  3 386,  1 691,  1 695,2.2,99.7,26.6,   47,13.9,   47,1.39,49.8,   67,   2,19.9,2.75,1.31,29.4,   105,   20,   12,   8,5.9,71.5,67.0,76.2,57.6,53.2,62.2,15.1,12.9,16.9,6.7,5.9,7.3,   1,11.1,66.596,   1,   13,   53,   71,   34,   207,   289,   123,   92,   133,   49,   195,   276,   110,0,0
8365,Estimates,Republic of Korea,,410,KOR,KR,410,Country/Area,906,2022,  51 806,  51 783,  25 841,  25 942,523.4,99.6,43.9,-   134,-2.6,-   46,-0.09,...,   257,   1,5.0,0.78,0.38,33.3,   106,   391,   211,   179,7.5,82.7,79.6,85.8,68.0,64.9,71.0,20.5,17.9,22.8,9.3,7.3,10.7,   1,2.1,256.117,   1,   3,   13,   16,   10,   56,   71,   40,   22,   28,   15,   53,   68,   37,   88,1.7
8513,Estimates,Afghanistan,,4,AFG,AF,4,Country/Area,5501,2022,  40 293,  40 579,  20 476,  20 103,62.5,101.9,16.8,  1 219,30.1,   572,1.41,49.2,  1 463,   149,36.0,4.93,2.19,30.4,   105,   243,   128,   115,6.0,65.6,63.9,67.2,55.2,53.7,56.7,13.3,12.5,13.9,5.6,5.3,5.8,   66,45.2,"1,407.952",   84,   58,   123,   133,   113,   261,   288,   234,   109,   121,   97,   207,   233,   182,-   647,-16.0
8587,Estimates,Bangladesh,,50,BGD,BD,50,Country/Area,5501,2022,  168 343,  169 385,  83 399,  85 986,1301.3,97.0,25.0,  2 633,15.5,  2 083,1.23,56.4,  3 486,   639,20.6,2.18,1.02,26.0,   105,   853,   467,   386,5.0,74.3,72.6,76.1,61.8,60.2,63.4,17.4,16.4,18.3,8.5,7.8,9.0,   82,23.7,"3,412.704",   100,   29,   59,   66,   53,   158,   176,   141,   54,   62,   47,   129,   145,   113,-   550,-3.2
8661,Estimates,Bhutan,,64,BTN,BT,64,Country/Area,5501,2022,   778,   781,   418,   363,20.3,115.3,28.8,   5,6.7,   5,0.70,98.5,   10,   0,12.8,1.48,0.70,29.9,   105,   5,   3,   2,6.1,72.8,71.1,74.7,59.7,58.2,61.5,14.7,13.8,15.8,6.2,5.8,6.6,   0,19.9,9.822,   0,   23,   51,   56,   45,   147,   167,   123,   53,   59,   45,   123,   142,   101,   0,0.4
8735,Estimates,India,,356,IND,IN,356,Country/Area,5501,2022, 1 419 143, 1 425 423,  735 531,  689 892,479.4,106.6,27.7,  13 913,9.8,  12 559,0.88,78.7,  23 286,   874,16.3,1.99,0.92,27.5,   108,  9 373,  5 066,  4 307,6.6,71.7,70.2,73.3,59.1,57.6,60.8,15.4,14.7,16.0,7.5,7.3,7.7,   556,23.9,"22,790.367",   682,   29,   63,   69,   57,   183,   208,   155,   67,   82,   50,   154,   181,   126,-  1 353,-1.0
8809,Estimates,Iran (Islamic Republic of),,364,IRN,IR,364,Country/Area,5501,2022,  88 946,  89 524,  45 529,  43 995,55.0,103.5,32.3,   754,8.4,  1 157,1.29,53.6,  1 192,   77,13.3,1.70,0.81,28.8,   105,   438,   245,   194,4.9,76.8,74.9,78.8,63.0,61.1,65.0,17.2,16.3,17.9,6.8,6.2,7.2,   12,10.2,"1,181.308",   15,   12,   42,   52,   30,   106,   133,   77,   46,   62,   30,   91,   118,   63,   403,4.5
8883,Estimates,Maldives,,462,MDV,MV,462,Country/Area,5501,2022,   523,   524,   326,   198,1747.0,164.8,30.3,   5,9.1,   2,0.40,...,   6,   0,11.4,1.58,0.77,30.2,   105,   1,   1,   0,2.3,80.8,79.4,82.5,66.3,65.0,68.0,18.3,17.3,19.6,7.9,7.3,8.6,   0,4.6,5.949,   0,   6,   15,   16,   12,   46,   53,   36,   17,   19,   13,   40,   47,   31,-   3,-5.1
8957,Estimates,Nepal,,524,NPL,NP,524,Country/Area,5501,2022,  29 716,  29 715,  14 345,  15 370,201.9,93.3,24.4,   379,12.8,-   0,-0.00,...,   584,   105,19.6,2.00,0.94,25.3,   105,   205,   106,   99,6.9,70.1,68.6,71.6,57.4,56.1,58.8,13.8,13.1,14.5,5.8,5.5,6.0,   13,23.0,571.735,   16,   28,   71,   77,   64,   190,   213,   169,   76,   84,   69,   162,   184,   142,-   379,-12.8
9031,Estimates,Pakistan,,586,PAK,PK,586,Country/Area,5501,2022,  241 728,  243 701,  124 068,  119 632,316.1,103.7,20.1,  5 268,21.6,  3 945,1.62,42.8,  6 855,   523,28.1,3.66,1.65,28.9,   106,  1 587,   897,   690,6.5,67.4,65.1,69.9,57.2,55.2,59.4,13.8,12.8,14.7,5.8,5.4,6.1,   348,50.9,"6,572.255",   417,   61,   105,   120,   90,   224,   261,   185,   80,   97,   62,   168,   203,   131,-  1 323,-5.4
9105,Estimates,Sri Lanka,,144,LKA,LK,144,Country/Area,5501,2022,  22 765,  22 835,  11 052,  11 783,364.2,93.8,32.6,   167,7.3,   140,0.61,113.3,   326,   13,14.3,1.98,0.96,29.6,   104,   159,   88,   71,7.0,77.3,74.0,80.5,62.9,59.7,66.0,16.9,14.9,18.6,7.6,6.7,8.1,   2,5.3,324.624,   2,   7,   22,   28,   17,   100,   140,   63,   37,   52,   23,   93,   132,   56,-   27,-1.2
9253,Estimates,Brunei Darussalam,,96,BRN,BN,96,Country/Area,920,2022,   454,   455,   242,   213,79.0,113.6,31.3,   3,7.3,   3,0.73,95.2,   6,   0,13.8,1.76,0.83,30.6,   108,   3,   2,   1,6.6,72.9,71.2,74.8,58.8,57.1,60.6,15.4,14.3,16.5,6.1,5.8,6.3,   0,8.1,6.261,   0,   10,   36,   41,   30,   182,   205,   157,   71,   81,   59,   173,   194,   148,0,0
9327,Estimates,Cambodia,,116,KHM,KH,116,Country/Area,920,2022,  17 089,  17 202,  8 422,  8 780,95.0,95.9,25.6,   257,15.0,   226,1.31,52.8,   366,   37,21.3,2.62,1.22,27.9,   105,   109,   57,   52,6.3,70.5,67.8,73.1,57.9,55.6,60.1,15.2,14.2,15.9,6.5,6.1,6.8,   7,19.9,359.468,   9,   24,   89,   112,   67,   200,   242,   158,   97,   122,   72,   171,   210,   134,-   31,-1.8
9401,Estimates,Indonesia,,360,IDN,ID,360,Country/Area,920,2022,  277 635,  278 831,  140 070,  138 760,145.9,100.9,29.6,  2 429,8.7,  2 392,0.86,80.8,  4 518,   295,16.2,2.15,1.00,29.0,   106,  2 089,  1 102,   987,7.5,70.9,68.9,73.0,57.7,55.8,59.7,14.4,13.0,15.5,6.3,5.7,6.7,   80,17.7,"4,447.331",   97,   21,   63,   70,   57,   188,   214,   161,   78,   87,   69,   166,   191,   141,-   38,-0.1
9475,Estimates,Lao People's Democratic Republic,,418,LAO,LA,418,Country/Area,920,2022,  7 506,  7 559,  3 799,  3 760,32.8,101.0,24.0,   117,15.4,   107,1.41,49.2,   164,   30,21.7,2.46,1.13,26.3,   105,   47,   26,   21,6.3,68.7,66.5,71.0,57.0,55.1,59.0,13.7,12.8,14.6,5.7,5.4,6.0,   5,32.7,159.341,   7,   40,   87,   100,   73,   210,   245,   174,   82,   97,   67,   171,   203,   139,-   10,-1.3
9549,Estimates,Malaysia,9,458,MYS,MY,458,Country/Area,920,2022,  34 483,  34 695,  18 204,  16 491,105.6,110.4,29.6,   238,6.8,   426,1.23,56.5,   430,   8,12.4,1.55,0.74,31.0,   107,   192,   113,   79,5.5,75.4,73.1,78.2,61.2,58.8,63.9,16.8,15.6,18.0,8.3,7.8,8.7,   3,6.5,427.623,   3,   8,   34,   44,   23,   142,   178,   101,   58,   76,   37,   133,   168,   93,   188,5.4
9623,Estimates,Myanmar,,104,MMR,MM,104,Country/Area,920,2022,  53 566,  53 757,  26 779,  26 977,82.3,99.3,29.3,   416,7.7,   381,0.71,97.9,   909,   74,16.9,2.13,0.97,28.8,   107,   493,   274,   220,9.2,66.5,63.3,69.9,54.9,52.0,58.0,13.3,12.2,14.2,5.6,5.2,5.9,   30,32.9,883.292,   37,   41,   112,   141,   82,   255,   313,   192,   116,   152,   78,   215,   272,   156,-   35,-0.7
9697,Estimates,Philippines,,608,PHL,PH,608,Country/Area,920,2022,  113 517,  113 964,  56 849,  57 115,379.9,99.5,24.9,  1 116,9.8,   894,0.78,88.4,  1 830,   176,16.1,1.93,0.89,29.0,   108,   714,   394,   320,6.3,69.5,66.5,72.4,56.7,53.9,59.6,13.8,12.3,15.0,6.0,5.4,6.3,   38,20.9,"1,795.770",   53,   28,   72,   87,   56,   211,   259,   161,   88,   112,   63,   185,   232,   136,-   222,-1.9
9771,Estimates,Singapore,,702,SGP,SG,702,Country/Area,920,2022,  5 534,  5 650,  2 920,  2 730,8272.2,106.9,34.9,   17,3.0,   232,4.10,16.9,   45,   0,8.0,0.94,0.45,32.3,   106,   28,   16,   12,5.0,82.9,80.2,85.7,68.2,65.5,71.0,21.5,19.6,23.3,10.6,9.5,11.4,   0,1.9,45.097,   0,   2,   12,   13,   10,   68,   88,   46,   23,   28,   17,   64,   84,   43,   215,38.0
9845,Estimates,Thailand,,764,THA,TH,764,Country/Area,920,2022,  71 755,  71 735,  35 005,  36 730,140.4,95.3,39.2,-   61,-0.9,-   39,-0.06,...,   601,   57,8.4,1.22,0.58,28.3,   106,   662,   379,   283,9.2,75.3,71.0,79.8,61.3,57.1,65.6,19.2,17.6,20.6,9.5,8.8,9.9,   4,6.4,597.815,   5,   9,   59,   83,   35,   193,   263,   119,   106,   154,   57,   182,   252,   109,   22,0.3
9919,Estimates,Timor-Leste,,626,TLS,TL,626,Country/Area,920,2022,  1 362,  1 369,   690,   679,92.1,101.6,20.6,   21,15.1,   15,1.10,62.8,   31,   2,22.4,2.80,1.26,29.5,   107,   10,   5,   5,7.4,67.4,65.7,69.1,56.3,54.9,57.7,13.5,12.7,14.2,5.7,5.4,5.9,   1,38.7,29.698,   2,   48,   101,   110,   92,   232,   257,   204,   92,   101,   82,   186,   208,   161,-   6,-4.0
9993,Estimates,Viet Nam,,704,VNM,VN,704,Country/Area,920,2022,  99 332,  99 681,  48 821,  50 859,318.1,96.0,31.9,   776,7.8,   697,0.70,99.2,  1 423,   119,14.3,1.93,0.89,27.2,   111,   647,   366,   281,6.5,74.5,69.8,79.2,61.5,57.1,65.8,17.3,14.7,19.4,8.0,6.3,8.9,   22,15.2,"1,402.798",   30,   20,   67,   93,   40,   153,   210,   93,   71,   102,   38,   129,   182,   74,-   79,-0.8
10141,Estimates,Armenia,,51,ARM,AM,51,Country/Area,922,2022,  2 859,  2 881,  1 334,  1 547,101.2,86.2,35.8,   5,1.7,   43,1.49,46.5,   35,   1,12.0,1.72,0.81,27.8,   109,   30,   15,   14,10.3,74.6,70.2,78.7,60.5,56.0,64.5,15.6,13.2,17.3,6.8,5.8,7.3,   0,9.1,34.237,   0,   10,   29,   40,   18,   138,   212,   73,   50,   82,   21,   128,   202,   63,   38,13.2
10215,Estimates,Azerbaijan,10,31,AZE,AZ,31,Country/Area,922,2022,  10 259,  10 295,  5 042,  5 254,124.6,96.0,32.1,   64,6.2,   73,0.71,98.2,   129,   12,12.6,1.69,0.78,25.9,   112,   66,   35,   31,6.4,74.1,71.5,76.7,60.7,58.1,63.1,15.9,14.8,16.7,7.3,7.3,7.4,   2,15.6,127.638,   2,   18,   45,   55,   34,   141,   187,   98,   51,   71,   32,   123,   168,   80,   9,0.9
10289,Estimates,Bahrain,,48,BHR,BH,48,Country/Area,922,2022,  1 515,  1 533,   950,   583,1958.4,163.0,31.7,   17,11.2,   36,2.36,29.4,   20,   0,13.3,1.84,0.89,29.9,   104,   3,   2,   1,2.1,81.0,80.3,81.8,66.7,66.0,67.4,19.4,18.8,19.9,8.9,8.4,9.4,   0,5.5,20.271,   0,   6,   20,   22,   17,   62,   67,   55,   23,   24,   21,   54,   58,   48,   19,12.4
10363,Estimates,Cyprus,11,196,CYP,CY,196,Country/Area,922,2022,  1 325,  1 331,   671,   661,144.1,101.6,37.3,   4,3.4,   13,1.01,68.4,   15,   0,11.0,1.39,0.67,31.7,   107,   10,   5,   5,7.7,80.4,78.3,82.6,65.9,63.8,68.2,18.6,16.9,20.2,8.2,7.3,8.9,   0,3.9,14.661,   0,   5,   16,   18,   13,   61,   75,   47,   22,   29,   15,   55,   69,   40,   9,6.8
10437,Estimates,Georgia,12,268,GEO,GE,268,Country/Area,922,2022,  3 782,  3 795,  1 768,  2 027,54.6,87.2,36.6,-   2,-0.6,   25,0.65,106.3,   44,   2,11.6,1.82,0.87,28.5,   107,   46,   24,   22,12.2,74.1,69.0,79.0,59.9,54.9,64.8,15.9,12.9,18.1,7.1,5.2,8.2,   0,8.2,43.750,   0,   9,   36,   52,   20,   155,   234,   82,   63,   101,   27,   146,   224,   73,   27,7.1
10511,Estimates,Iraq,,368,IRQ,IQ,368,Country/Area,922,2022,  43 551,  44 071,  22 100,  21 971,101.5,100.6,20.1,   962,21.8,  1 039,2.36,29.4,  1 146,   131,26.0,3.29,1.55,28.6,   106,   184,   95,   89,4.2,72.0,70.1,73.8,59.1,57.3,60.6,14.5,13.5,15.3,6.1,5.6,6.3,   23,19.7,"1,125.658",   27,   24,   57,   64,   49,   160,   186,   135,   61,   70,   52,   136,   160,   113,   77,1.7
10585,Estimates,Israel,,376,ISR,IL,376,Country/Area,922,2022,  9 015,  9 103,  4 529,  4 575,420.6,99.0,29.1,   125,13.8,   175,1.93,36.0,   175,   2,19.2,2.94,1.42,30.9,   105,   50,   25,   24,5.5,82.8,80.8,84.7,68.2,66.2,70.1,20.7,19.3,21.9,9.5,8.9,10.0,   0,2.7,174.577,   1,   3,   14,   18,   10,   54,   68,   40,   21,   27,   14,   50,   64,   37,   50,5.5
10659,Estimates,Jordan,,400,JOR,JO,400,Country/Area,922,2022,  11 165,  11 256,  5 812,  5 444,126.8,106.8,23.9,   200,17.8,   182,1.62,42.8,   236,   10,20.9,2.68,1.28,29.8,   105,   36,   21,   15,3.2,77.1,75.0,79.4,63.3,61.3,65.6,16.8,15.3,18.5,7.3,6.4,8.0,   3,12.1,232.872,   3,   14,   29,   32,   27,   94,   110,   76,   31,   34,   27,   79,   94,   62,-   17,-1.6
10733,Estimates,Kuwait,,414,KWT,KW,414,Country/Area,922,2022,  4 386,  4 590,  2 802,  1 787,257.6,156.8,33.5,   39,8.6,   408,8.89,7.8,   48,   0,10.5,1.55,0.75,30.3,   105,   9,   6,   3,2.0,78.8,76.9,81.3,64.6,62.8,67.1,16.8,15.2,18.9,6.3,4.9,8.0,   0,7.3,47.952,   0,   9,   21,   25,   17,   57,   66,   43,   21,   25,   14,   47,   55,   34,   369,80.3
10807,Estimates,Lebanon,,422,LBN,LB,422,Country/Area,922,2022,  5 728,  5 744,  2 791,  2 953,561.5,94.5,28.1,   61,10.6,   33,0.58,119.1,   94,   5,16.4,2.26,1.08,29.2,   105,   33,   17,   16,5.8,78.0,76.0,79.9,64.5,62.5,66.3,17.7,16.1,19.0,7.8,6.9,8.4,   1,14.8,92.776,   2,   17,   31,   34,   29,   87,   101,   74,   27,   30,   25,   69,   82,   57,-   28,-4.8
10881,Estimates,Oman,,512,OMN,OM,512,Country/Area,922,2022,  4 527,  4 730,  2 912,  1 819,15.3,160.1,29.0,   67,14.2,   406,8.60,8.1,   77,   1,16.4,2.45,1.18,31.6,   104,   10,   6,   4,2.1,77.9,76.7,79.3,63.9,62.8,65.3,16.8,15.9,17.6,7.0,6.5,7.4,   1,8.6,76.774,   1,   10,   26,   29,   22,   73,   81,   60,   25,   29,   20,   61,   68,   48,   339,71.7
10955,Estimates,Qatar,,634,QAT,QA,634,Country/Area,922,2022,  2 839,  2 892,  2 078,   814,249.7,255.2,32.5,   27,9.2,   107,3.68,18.8,   29,   0,10.1,1.74,0.85,30.4,   104,   3,   2,   1,0.9,81.9,81.1,82.8,67.4,66.7,68.3,19.3,18.6,20.0,8.4,7.8,9.1,   0,4.4,29.101,   0,   5,   15,   17,   11,   43,   45,   37,   16,   18,   11,   36,   38,   31,   80,27.7
11029,Estimates,Saudi Arabia,,682,SAU,SA,682,Country/Area,922,2022,  31 483,  32 175,  19 541,  12 634,15.0,154.7,28.7,   407,12.6,  1 384,4.30,16.1,   490,   11,15.2,2.14,1.03,30.2,   105,   83,   57,   26,2.6,77.3,75.5,80.2,63.0,61.2,65.8,17.0,15.8,18.7,7.4,6.6,8.4,   3,5.3,487.382,   3,   6,   28,   35,   18,   100,   117,   69,   39,   49,   23,   92,   108,   62,   977,30.4
11103,Estimates,State of Palestine,13,275,PSE,PS,275,Country/Area,922,2022,  5 243,  5 305,  2 638,  2 668,881.3,98.9,19.6,   130,24.6,   125,2.36,29.3,   146,   10,27.6,3.38,1.61,28.6,   105,   16,   9,   7,3.0,76.7,74.2,79.1,62.9,60.6,65.3,16.7,15.0,18.3,7.3,6.3,8.0,   2,12.4,144.627,   2,   14,   32,   37,   28,   100,   122,   79,   34,   40,   28,   85,   105,   65,-   5,-0.9
11177,Estimates,Syrian Arab Republic,,760,SYR,SY,760,Country/Area,922,2022,  21 910,  22 462,  11 229,  11 234,122.3,100.0,21.6,   370,16.5,  1 105,4.92,14.1,   477,   52,21.2,2.75,1.30,28.8,   105,   107,   59,   48,4.8,72.8,70.4,75.2,59.6,57.3,61.9,15.0,13.7,16.1,6.3,5.7,6.7,   8,16.2,469.910,   10,   21,   56,   68,   43,   151,   184,   118,   60,   76,   44,   129,   160,   98,   735,32.7
11251,Estimates,Türkiye,,792,TUR,TR,792,Country/Area,922,2022,  86 948,  87 058,  43 492,  43 567,113.1,99.8,32.1,   523,6.0,   222,0.26,...,  1 079,   38,12.4,1.63,0.78,29.2,   105,   556,   315,   241,6.4,77.6,74.7,80.7,63.4,60.5,66.5,16.9,14.9,18.9,7.3,6.0,8.2,   9,8.2,"1,071.396",   11,   10,   20,   24,   17,   90,   120,   59,   29,   38,   19,   81,   110,   50,-   302,-3.5
11325,Estimates,United Arab Emirates,,784,ARE,AE,784,Country/Area,922,2022,  10 039,  10 242,  6 565,  3 677,144.2,178.6,30.9,   83,8.1,   406,3.96,17.5,   95,   1,9.3,1.15,0.56,31.9,   105,   12,   9,   4,1.2,80.5,79.4,82.1,66.1,65.0,67.6,18.0,17.3,18.9,6.3,5.7,7.0,   0,5.0,94.792,   1,   6,   17,   21,   12,   48,   57,   31,   21,   26,   12,   41,   49,   24,   323,31.5
11399,Estimates,Yemen,,887,YEM,YE,887,Country/Area,922,2022,  37 651,  38 223,  19 356,  18 866,72.4,102.6,18.1,  1 153,30.2,  1 143,2.99,23.2,  1 353,   146,35.4,4.59,2.10,29.7,   106,   200,   111,   89,5.2,68.0,65.7,70.3,56.2,54.1,58.4,13.4,12.5,14.2,5.6,5.2,5.8,   45,33.1,"1,314.732",   55,   41,   92,   108,   74,   225,   264,   184,   91,   112,   70,   187,   224,   148,-   10,-0.3
11621,Estimates,Belarus,,112,BLR,BY,112,Country/Area,923,2022,  9 201,  9 173,  4 274,  4 899,45.2,87.3,40.2,-   48,-5.2,-   56,-0.61,...,   74,   2,8.1,1.33,0.64,28.6,   106,   122,   59,   62,13.2,74.4,69.4,79.0,59.6,54.7,64.2,16.2,13.4,18.0,7.1,6.2,7.4,   0,2.0,73.825,   0,   3,   30,   43,   16,   166,   243,   89,   70,   105,   35,   162,   240,   86,-   8,-0.9
11695,Estimates,Bulgaria,,100,BGR,BG,100,Country/Area,923,2022,  6 838,  6 826,  3 304,  3 521,63.0,93.8,44.2,-   51,-7.5,-   25,-0.37,...,   64,   6,9.4,1.77,0.85,27.9,   106,   116,   59,   56,16.9,74.0,70.5,77.7,59.7,56.1,63.4,15.6,13.5,17.4,7.0,6.3,7.4,   0,5.2,63.773,   0,   7,   32,   41,   22,   153,   204,   99,   59,   80,   36,   146,   197,   91,   26,3.9
11769,Estimates,Czechia,,203,CZE,CZ,203,Country/Area,923,2022,  10 519,  10 673,  5 262,  5 411,138.2,97.2,42.6,-   20,-1.9,   309,2.90,23.9,   97,   2,9.1,1.62,0.78,30.4,   105,   117,   60,   57,11.0,79.2,76.2,82.1,64.5,61.5,67.4,18.2,16.2,19.9,8.2,7.3,8.8,   0,2.3,96.748,   0,   3,   18,   24,   12,   83,   110,   55,   32,   43,   21,   80,   106,   51,   330,30.9
11843,Estimates,Hungary,,348,HUN,HU,348,Country/Area,923,2022,  9 685,  9 684,  4 645,  5 039,107.0,92.2,43.0,-   44,-4.6,-   2,-0.02,...,   90,   4,9.3,1.55,0.75,29.9,   106,   134,   66,   68,13.8,76.2,72.8,79.5,61.6,58.2,64.9,16.7,14.5,18.4,7.8,7.0,8.2,   0,3.4,89.508,   0,   4,   19,   25,   14,   125,   167,   81,   38,   51,   24,   120,   162,   77,   42,4.3
11917,Estimates,Poland,,616,POL,PL,616,Country/Area,923,2022,  37 958,  38 386,  18 604,  19 782,125.4,94.0,40.9,-   111,-2.9,   856,2.23,31.1,   310,   5,8.1,1.26,0.61,29.9,   106,   422,   216,   206,11.0,77.9,74.1,81.7,63.3,59.5,67.1,18.2,15.9,20.0,8.7,7.7,9.3,   1,3.4,309.340,   1,   4,   24,   34,   13,   112,   158,   64,   44,   65,   22,   108,   154,   59,   968,25.2
11991,Estimates,Republic of Moldova,14,498,MDA,MD,498,Country/Area,923,2022,  2 999,  3 040,  1 400,  1 640,92.5,85.3,37.5,-   8,-2.5,   81,2.68,25.9,   32,   2,10.5,1.69,0.81,28.0,   106,   40,   21,   19,13.1,71.5,66.7,76.2,57.7,52.9,62.3,14.5,11.8,16.5,6.6,4.9,7.4,   0,11.9,31.724,   0,   14,   47,   63,   31,   191,   274,   113,   81,   121,   44,   177,   261,   100,   89,29.3
12065,Estimates,Romania,,642,ROU,RO,642,Country/Area,923,2022,  19 164,  19 167,  9 283,  9 883,83.3,93.9,42.4,-   84,-4.4,   5,0.02,...,   184,   17,9.6,1.72,0.83,28.1,   106,   268,   135,   133,14.0,75.3,71.7,79.0,60.9,57.3,64.6,16.5,14.6,18.0,7.4,6.9,7.6,   1,5.2,183.022,   1,   7,   28,   36,   19,   142,   196,   85,   51,   71,   29,   135,   189,   78,   89,4.6
12139,Estimates,Russian Federation,,643,RUS,RU,643,Country/Area,923,2022,  145 484,  145 580,  67 630,  77 949,8.9,86.8,39.1,-   575,-3.9,   191,0.13,...,  1 335,   48,9.2,1.45,0.70,28.9,   106,  1 909,   975,   935,13.1,72.5,67.1,77.8,58.0,52.6,63.2,16.1,13.3,17.9,8.0,7.0,8.5,   5,3.9,"1,330.459",   7,   5,   55,   82,   27,   202,   289,   113,   105,   158,   52,   196,   283,   108,   766,5.3
12213,Estimates,Slovakia,,703,SVK,SK,703,Country/Area,923,2022,  5 430,  5 473,  2 673,  2 801,111.6,95.4,40.9,-   6,-1.0,   87,1.58,43.8,   53,   3,9.6,1.56,0.75,28.9,   105,   58,   30,   28,10.7,77.0,73.6,80.4,62.6,59.2,66.0,17.2,15.1,19.0,7.9,7.2,8.3,   0,4.7,52.539,   0,   6,   25,   32,   17,   113,   153,   70,   41,   57,   24,   106,   146,   64,   92,16.9
12287,Estimates,Ukraine,15,804,UKR,UA,804,Country/Area,923,2022,  44 073,  41 049,  19 117,  21 931,70.9,87.2,41.5,-   349,-8.5,-  6 049,-14.76,...,   233,   11,5.7,0.90,0.43,28.1,   106,   582,   313,   269,14.2,72.7,66.2,79.4,58.4,51.9,65.1,17.5,14.4,19.5,9.5,8.0,10.0,   1,6.1,231.902,   2,   7,   75,   117,   29,   215,   318,   102,   122,   190,   48,   207,   310,   94,-  5 699,-138.8
12435,Estimates,Denmark,16,208,DNK,DK,208,Country/Area,924,2022,  5 873,  5 903,  2 936,  2 967,139.2,98.9,41.2,-   1,-0.2,   59,1.00,69.5,   58,   0,9.8,1.56,0.75,31.6,   106,   59,   30,   29,10.1,81.3,79.4,83.2,66.6,64.8,68.5,19.4,18.1,20.7,8.8,8.0,9.5,   0,3.1,57.938,   0,   4,   13,   17,   10,   61,   75,   46,   22,   29,   15,   57,   71,   42,   60,10.2
12509,Estimates,Estonia,,233,EST,EE,233,Country/Area,924,2022,  1 333,  1 350,   641,   709,31.1,90.3,41.6,-   6,-4.2,   34,2.53,27.4,   11,   0,8.5,1.41,0.68,31.0,   106,   17,   8,   9,12.7,78.2,73.7,82.3,63.5,59.0,67.6,18.4,15.4,20.6,8.7,7.3,9.3,   0,1.9,11.462,   0,   2,   24,   32,   16,   113,   161,   63,   49,   69,   27,   110,   157,   60,   40,29.4
12583,Estimates,Faroe Islands,17,234,FRO,FO,234,Country/Area,924,2022,   54,   54,   28,   26,39.0,107.3,37.5,   0,1.2,   1,1.26,55.2,   1,   0,12.5,2.26,1.08,30.3,   107,   1,   0,   0,11.4,79.3,77.2,81.7,65.0,63.0,67.2,17.7,16.3,19.3,7.6,6.8,8.3,   0,6.2,0.674,   0,   8,   17,   22,   12,   67,   83,   49,   21,   27,   15,   59,   74,   42,   1,11.4
12657,Estimates,Finland,18,246,FIN,FI,246,Country/Area,924,2022,  5 548,  5 569,  2 753,  2 816,18.4,97.8,42.5,-   18,-3.3,   42,0.76,91.8,   45,   0,8.0,1.32,0.64,31.5,   105,   63,   33,   30,11.3,81.2,78.4,84.2,66.6,63.7,69.5,19.8,17.8,21.8,8.9,7.6,9.8,   0,2.1,44.626,   0,   3,   18,   23,   13,   71,   92,   48,   27,   37,   17,   67,   88,   45,   60,10.8
12731,Estimates,Guernsey,19,831,GGY,GG,831,Country/Area,924,2022,   64,   64,   32,   32,995.7,97.9,43.9,-   0,-1.1,   0,0.44,...,   1,   0,8.2,1.37,0.66,30.7,   105,   1,   0,   0,9.2,83.1,80.9,85.4,68.8,66.5,71.0,20.8,18.9,22.6,9.7,8.5,10.8,   0,5.9,0.518,   0,   7,   15,   16,   14,   47,   57,   38,   15,   17,   13,   40,   49,   30,   0,5.4
12805,Estimates,Iceland,,352,ISL,IS,352,Country/Area,924,2022,   376,   380,   195,   186,3.8,105.0,35.7,   2,4.0,   8,2.11,32.8,   4,   0,11.4,1.59,0.77,30.8,   106,   3,   1,   1,7.4,81.6,79.4,84.1,66.7,64.6,69.2,20.5,19.6,21.5,9.4,8.9,9.9,   0,1.0,4.330,   0,   2,   8,   7,   9,   75,   105,   42,   21,   27,   14,   73,   103,   42,   7,17.2
12879,Estimates,Ireland,,372,IRL,IE,372,Country/Area,924,2022,  5 054,  5 110,  2 530,  2 580,74.7,98.1,38.0,   18,3.5,   112,2.19,31.7,   53,   1,10.4,1.59,0.77,32.7,   106,   35,   19,   16,6.9,82.1,80.0,84.2,67.4,65.3,69.5,20.2,18.8,21.6,9.2,8.3,10.0,   0,2.9,53.107,   0,   3,   15,   19,   11,   62,   78,   46,   24,   32,   17,   58,   74,   43,   94,18.3
12953,Estimates,Isle of Man,19,833,IMN,IM,833,Country/Area,924,2022,   84,   84,   42,   42,147.1,98.2,45.5,-   0,-1.8,   0,0.06,...,   1,   0,8.4,1.56,0.74,29.7,   105,   1,   0,   0,10.3,81.0,78.9,83.1,67.3,65.3,69.3,20.5,19.1,21.9,9.8,8.8,10.5,   0,10.7,0.703,   0,   14,   35,   41,   29,   80,   96,   64,   33,   41,   26,   65,   80,   50,   0,2.4
13027,Estimates,Jersey,19,832,JEY,JE,832,Country/Area,924,2022,   103,   103,   51,   52,892.2,97.5,42.9,-   0,-2.7,   0,0.18,...,   1,   0,8.3,1.37,0.65,30.7,   105,   1,   1,   1,11.0,79.7,77.7,81.8,65.6,63.6,67.8,18.4,16.8,20.1,8.2,7.2,9.1,   0,8.6,0.849,   0,   10,   22,   22,   21,   70,   82,   58,   23,   25,   21,   60,   71,   48,   0,4.6
13101,Estimates,Latvia,,428,LVA,LV,428,Country/Area,924,2022,  1 877,  1 881,   871,  1 010,30.2,86.2,42.9,-   14,-7.4,   8,0.43,...,   16,   0,8.5,1.47,0.70,30.3,   107,   30,   14,   16,15.9,74.9,70.1,79.4,60.3,55.5,64.8,16.8,13.9,18.7,7.9,6.8,8.3,   0,3.3,15.862,   0,   4,   35,   48,   20,   161,   230,   92,   72,   104,   38,   157,   225,   87,   22,11.7
13175,Estimates,Lithuania,,440,LTU,LT,440,Country/Area,924,2022,  2 792,  2 817,  1 326,  1 491,45.0,89.0,42.6,-   23,-8.2,   49,1.74,39.9,   22,   0,7.7,1.27,0.61,30.3,   105,   45,   22,   23,15.9,74.7,69.8,79.5,60.1,55.2,64.9,16.6,13.6,18.8,7.8,6.7,8.3,   0,3.1,21.498,   0,   4,   37,   52,   21,   161,   229,   89,   74,   105,   39,   156,   224,   85,   72,25.6
13249,Estimates,Norway,20,578,NOR,NO,578,Country/Area,924,2022,  5 425,  5 457,  2 751,  2 706,17.9,101.7,39.4,   5,1.0,   64,1.16,59.5,   51,   0,9.4,1.42,0.68,31.6,   106,   46,   23,   23,8.4,82.6,80.9,84.4,67.9,66.2,69.6,20.4,19.2,21.5,9.2,8.3,9.9,   0,1.8,51.000,   0,   2,   13,   17,   9,   53,   65,   41,   22,   27,   16,   50,   62,   38,   58,10.6
13323,Estimates,Sweden,,752,SWE,SE,752,Country/Area,924,2022,  10 453,  10 487,  5 280,  5 208,25.7,101.4,39.7,   10,1.0,   69,0.66,105.2,   105,   1,10.0,1.54,0.74,31.5,   106,   95,   48,   47,9.0,83.0,81.4,84.7,68.3,66.6,70.0,20.7,19.5,21.9,9.4,8.6,10.1,   0,2.1,104.670,   0,   3,   14,   18,   10,   50,   60,   39,   20,   27,   14,   47,   57,   36,   59,5.6
13397,Estimates,United Kingdom,21,826,GBR,GB,826,Country/Area,924,2022,  67 916,  68 179,  33 558,  34 621,280.9,96.9,39.5,   40,0.6,   527,0.77,89.7,   689,   16,10.1,1.56,0.75,30.9,   106,   649,   327,   321,9.5,81.1,79.1,83.0,66.5,64.6,68.4,20.1,18.8,21.2,9.2,8.5,9.8,   3,3.8,686.370,   3,   5,   20,   25,   15,   80,   98,   62,   34,   44,   25,   75,   93,   57,   487,7.1
13545,Estimates,Albania,,8,ALB,AL,8,Country/Area,925,2022,  2 834,  2 828,  1 398,  1 429,103.2,97.8,35.9,   5,1.6,-   12,-0.42,...,   29,   1,10.3,1.36,0.64,29.1,   107,   25,   13,   11,8.7,78.8,76.8,80.8,64.7,62.7,66.7,18.3,17.3,19.2,8.0,7.5,8.4,   0,8.3,28.930,   0,   10,   28,   33,   22,   90,   118,   63,   35,   47,   24,   79,   107,   52,-   16,-5.8
13619,Estimates,Andorra,,20,AND,AD,20,Country/Area,925,2022,   79,   80,   41,   39,169.6,104.8,42.8,   0,0.9,   1,1.48,46.9,   1,   0,6.9,1.07,0.51,32.5,   106,   0,   0,   0,5.9,84.0,82.1,86.1,69.6,67.7,71.7,21.5,19.8,23.2,10.2,9.0,11.1,   0,5.3,0.543,   0,   6,   13,   14,   12,   42,   49,   34,   14,   15,   12,   35,   43,   28,   1,13.8
13693,Estimates,Bosnia and Herzegovina,,70,BIH,BA,70,Country/Area,925,2022,  3 215,  3 205,  1 524,  1 681,62.6,90.7,44.6,-   20,-6.3,-   21,-0.65,...,   25,   1,7.7,1.48,0.71,29.0,   107,   45,   24,   21,14.1,76.8,72.7,80.7,62.3,58.2,66.2,16.7,13.4,19.5,8.5,5.9,9.9,   0,5.6,24.710,   0,   6,   21,   27,   15,   107,   141,   73,   37,   50,   23,   101,   134,   67,-   0,-0.2
13767,Estimates,Croatia,,191,HRV,HR,191,Country/Area,925,2022,  3 911,  3 907,  1 883,  2 024,69.9,93.1,44.6,-   20,-5.2,-   9,-0.22,...,   33,   1,8.5,1.53,0.74,30.7,   106,   53,   26,   27,13.7,78.3,75.1,81.4,63.7,60.6,66.8,17.5,15.4,19.3,8.2,7.2,8.8,   0,4.1,32.924,   0,   5,   19,   25,   12,   90,   123,   56,   33,   46,   19,   84,   117,   52,   12,3.0
13841,Estimates,Gibraltar,19,292,GIB,GI,292,Country/Area,925,2022,   37,   38,   19,   19,3761.0,99.0,38.9,   0,5.6,   1,2.19,31.6,   0,   0,12.0,1.90,0.90,30.4,   107,   0,   0,   0,6.4,83.5,80.9,86.1,69.6,67.0,72.0,22.2,20.4,23.9,10.9,9.6,11.9,   0,8.4,0.448,   0,   11,   27,   34,   20,   63,   80,   45,   26,   34,   18,   51,   66,   35,   1,16.3
13915,Estimates,Greece,,300,GRC,GR,300,Country/Area,925,2022,  10 476,  10 412,  5 043,  5 370,79.6,93.9,45.4,-   72,-6.9,-   126,-1.21,...,   74,   2,7.1,1.31,0.63,32.0,   106,   147,   73,   74,14.1,79.9,77.2,82.6,65.5,62.7,68.1,19.1,17.6,20.5,8.8,7.9,9.4,   0,3.7,73.931,   0,   5,   21,   28,   14,   85,   115,   54,   33,   46,   19,   79,   109,   48,-   54,-5.2
13989,Estimates,Holy See,22,336,VAT,VA,336,Country/Area,925,2022,   1,   1,   0,   0,1151.1,91.1,59.9,-   0,-19.7,-   0,-2.57,...,   0,0,4.2,1.00,0.48,31.3,   105,   0,   0,   0,24.0,83.3,81.2,85.4,69.0,66.8,71.0,21.0,19.1,22.6,9.9,8.6,10.8,0,5.8,0.002,0,   7,   14,   15,   14,   47,   55,   38,   15,   17,   13,   39,   48,   30,0,0
14063,Estimates,Italy,,380,ITA,IT,380,Country/Area,925,2022,  59 674,  59 619,  29 110,  30 510,201.4,95.4,47.1,-   342,-5.7,-   111,-0.19,...,   400,   4,6.7,1.24,0.60,32.3,   106,   742,   368,   374,12.4,82.1,79.6,84.5,67.4,65.0,69.9,20.3,18.6,22.0,9.4,8.3,10.2,   1,2.6,398.847,   2,   4,   16,   21,   11,   64,   82,   45,   25,   34,   16,   59,   77,   41,   231,3.9
14137,Estimates,Kosovo (under UNSC res. 1244),23,412,XKX,XK,412,Country/Area,925,2022,  1 727,  1 718,   845,   873,157.5,96.8,30.8,   11,6.4,-   18,-1.03,...,   21,   1,12.3,1.56,0.74,29.7,   108,   10,   5,   5,5.9,77.6,75.3,79.8,63.4,61.2,65.5,16.6,15.2,17.7,7.2,6.8,7.4,   0,8.5,20.932,   0,   10,   19,   25,   14,   81,   107,   56,   25,   33,   16,   71,   96,   47,-   29,-16.6
14211,Estimates,Malta,,470,MLT,MT,470,Country/Area,925,2022,   527,   528,   274,   254,1676.8,107.9,39.7,   0,0.3,   3,0.50,138.1,   4,   0,8.1,1.10,0.52,30.9,   107,   4,   2,   2,7.8,82.3,80.1,84.5,68.1,65.7,70.5,20.8,18.8,22.6,10.1,8.5,11.2,   0,6.4,4.261,   0,   8,   19,   19,   18,   65,   75,   54,   23,   28,   18,   55,   67,   42,   2,4.7
14285,Estimates,Montenegro,,499,MNE,ME,499,Country/Area,925,2022,   602,   615,   296,   319,44.5,92.7,39.1,-   0,-0.5,   26,4.24,16.4,   7,   0,11.4,1.88,0.90,30.2,   107,   7,   4,   4,11.9,75.9,72.6,79.2,61.5,58.2,64.7,16.1,13.8,18.0,7.7,6.3,8.5,   0,3.7,7.010,   0,   5,   26,   36,   16,   115,   151,   79,   43,   57,   28,   108,   144,   74,   26,42.8
14359,Estimates,North Macedonia,,807,MKD,MK,807,Country/Area,925,2022,  1 844,  1 840,   895,   945,73.9,94.7,39.9,-   3,-1.6,-   8,-0.45,...,   19,   1,10.1,1.59,0.76,28.9,   108,   22,   11,   10,11.7,76.6,74.0,79.3,62.0,59.4,64.6,15.6,13.7,17.2,6.7,5.6,7.5,   0,2.9,18.593,   0,   4,   16,   21,   11,   89,   117,   63,   29,   38,   21,   85,   112,   59,-   5,-2.9
14433,Estimates,Portugal,,620,PRT,PT,620,Country/Area,925,2022,  10 403,  10 417,  4 962,  5 455,113.2,91.0,45.8,-   41,-4.0,   28,0.26,...,   84,   2,8.1,1.45,0.70,31.7,   106,   126,   64,   62,12.0,81.2,78.1,84.2,66.6,63.5,69.6,20.1,18.1,21.9,9.1,8.1,9.8,   0,2.9,84.112,   0,   4,   18,   23,   13,   78,   108,   50,   29,   40,   19,   73,   103,   46,   69,6.6
14507,Estimates,San Marino,,674,SMR,SM,674,Country/Area,925,2022,   34,   34,   17,   17,558.9,96.1,46.8,-   0,-1.7,-   0,-1.36,...,   0,0,6.0,1.14,0.55,32.9,   107,   0,   0,   0,7.8,85.7,84.2,87.1,70.9,69.3,72.3,22.6,21.2,23.9,10.5,9.5,11.3,0,1.1,0.205,0,   1,   8,   9,   6,   35,   39,   31,   13,   15,   11,   33,   37,   30,-   0,-11.8
14581,Estimates,Serbia,24,688,SRB,RS,688,Country/Area,925,2022,  6 794,  6 791,  3 231,  3 560,88.5,90.8,43.7,-   46,-6.8,-   6,-0.09,...,   61,   2,9.0,1.52,0.73,29.5,   107,   108,   62,   46,15.9,75.5,72.1,79.3,60.9,57.5,64.7,15.3,12.8,18.0,7.0,5.3,8.5,   0,3.8,61.039,   0,   5,   22,   29,   15,   112,   148,   77,   40,   54,   26,   106,   142,   72,   40,5.9
14655,Estimates,Slovenia,,705,SVN,SI,705,Country/Area,925,2022,  2 113,  2 115,  1 062,  1 053,105.0,100.8,43.5,-   4,-2.0,   5,0.22,...,   18,   0,8.6,1.57,0.76,30.4,   106,   22,   11,   11,10.6,80.8,78.1,83.5,66.1,63.5,68.8,19.3,17.4,21.0,8.9,8.0,9.5,   0,2.4,18.127,   0,   3,   16,   22,   10,   69,   90,   46,   27,   36,   17,   65,   85,   43,   9,4.3
14729,Estimates,Spain,25,724,ESP,ES,724,Country/Area,925,2022,  47 749,  47 828,  23 486,  24 343,95.2,96.5,44.4,-   142,-3.0,   158,0.33,...,   340,   6,7.1,1.21,0.58,32.5,   106,   482,   249,   232,10.1,82.4,79.4,85.3,67.8,64.8,70.7,20.8,18.6,22.8,9.8,8.6,10.7,   1,2.7,338.882,   1,   4,   14,   18,   10,   64,   84,   43,   22,   30,   14,   59,   80,   39,   300,6.3
14877,Estimates,Austria,,40,AUT,AT,40,Country/Area,926,2022,  8 993,  9 065,  4 461,  4 604,109.9,96.9,42.8,-   15,-1.6,   143,1.58,44.0,   82,   1,9.1,1.41,0.68,31.2,   106,   97,   48,   48,10.7,81.3,78.8,83.8,66.7,64.2,69.1,19.7,17.9,21.2,9.1,8.1,9.8,   0,2.9,81.887,   0,   4,   17,   23,   11,   65,   86,   44,   27,   36,   17,   61,   81,   40,   157,17.4
14951,Estimates,Belgium,,56,BEL,BE,56,Country/Area,926,2022,  11 586,  11 642,  5 738,  5 904,384.5,97.2,41.2,-   6,-0.5,   113,0.97,71.7,   114,   1,9.8,1.55,0.75,31.0,   105,   120,   61,   59,10.3,81.2,78.7,83.6,66.6,64.1,69.0,19.8,17.9,21.5,9.4,8.2,10.2,   0,3.4,113.461,   0,   4,   18,   22,   13,   71,   88,   52,   29,   38,   20,   66,   83,   48,   119,10.2
15025,Estimates,France,26,250,FRA,FR,250,Country/Area,926,2022,  66 173,  66 277,  32 117,  34 160,120.2,94.0,41.6,   29,0.4,   208,0.31,...,   688,   8,10.4,1.76,0.85,31.5,   105,   659,   334,   324,9.9,82.5,79.3,85.6,67.9,64.8,71.0,21.3,19.1,23.3,10.3,8.9,11.2,   3,3.6,685.430,   3,   4,   19,   26,   12,   74,   99,   49,   30,   42,   18,   69,   93,   44,   179,2.7
15099,Estimates,Germany,,276,DEU,DE,276,Country/Area,926,2022,  83 772,  84 086,  41 512,  42 575,241.2,97.5,45.0,-   352,-4.2,   629,0.75,92.7,   731,   10,8.7,1.46,0.71,31.5,   106,  1 083,   544,   539,12.9,80.6,78.1,83.1,66.0,63.5,68.5,19.3,17.6,20.9,8.7,7.9,9.3,   2,3.1,728.599,   3,   4,   16,   20,   11,   74,   96,   51,   26,   35,   17,   69,   91,   47,   982,11.7
15173,Estimates,Liechtenstein,,438,LIE,LI,438,Country/Area,926,2022,   39,   39,   20,   20,245.7,98.6,44.0,   0,1.9,   0,0.73,95.3,   0,   0,9.4,1.53,0.70,32.2,   116,   0,   0,   0,7.5,83.4,81.5,85.2,69.0,67.1,70.8,21.0,19.4,22.4,9.9,8.8,10.6,   0,5.6,0.366,   0,   7,   14,   15,   14,   45,   53,   38,   15,   16,   13,   38,   46,   31,   0,5.4
15247,Estimates,Luxembourg,,442,LUX,LU,442,Country/Area,926,2022,   646,   653,   329,   324,252.2,101.4,38.7,   2,3.3,   15,2.35,29.5,   7,   0,10.3,1.39,0.66,32.3,   105,   5,   2,   2,7.0,82.2,80.6,83.8,68.0,66.1,69.8,20.8,19.4,22.0,9.5,8.6,10.2,   0,3.5,6.696,   0,   5,   22,   19,   26,   62,   70,   54,   22,   24,   20,   53,   63,   42,   13,20.2
15321,Estimates,Monaco,,492,MCO,MC,492,Country/Area,926,2022,   39,   39,   19,   20,26128.5,96.0,55.0,-   1,-14.8,   0,1.05,66.0,   0,   0,8.7,2.11,1.03,30.9,   105,   1,   0,   0,23.5,85.7,83.8,87.9,71.2,69.3,73.4,22.6,21.0,24.5,10.9,9.7,12.1,   0,3.9,0.337,   0,   5,   10,   10,   9,   31,   38,   24,   10,   11,   8,   26,   33,   19,   1,25.6
15395,Estimates,Netherlands,27,528,NLD,NL,528,Country/Area,926,2022,  17 789,  17 904,  8 890,  9 014,531.7,98.6,41.5,   6,0.3,   230,1.29,53.9,   172,   1,9.6,1.51,0.73,31.8,   105,   167,   83,   83,9.3,81.9,80.3,83.5,67.3,65.7,68.9,19.9,18.6,21.1,8.8,7.9,9.5,   1,3.4,171.977,   1,   4,   14,   16,   11,   58,   68,   48,   21,   25,   17,   54,   63,   44,   224,12.5
15469,Estimates,Switzerland,,756,CHE,CH,756,Country/Area,926,2022,  8 741,  8 792,  4 365,  4 427,219.8,98.6,42.0,   5,0.6,   102,1.16,59.9,   82,   0,9.3,1.40,0.68,32.3,   105,   77,   39,   38,8.7,83.2,81.0,85.4,68.6,66.4,70.7,21.0,19.3,22.5,9.7,8.7,10.5,   0,3.3,81.627,   0,   4,   14,   18,   10,   51,   64,   37,   18,   24,   12,   46,   59,   32,   96,11.0
15692,Estimates,Anguilla,19,660,AIA,AI,660,Country/Area,915,2022,   14,   14,   7,   7,161.1,94.5,37.8,   0,2.3,   0,1.66,41.8,   0,   0,8.9,1.37,0.67,28.2,   104,   0,   0,   0,6.6,79.1,75.8,82.5,64.7,61.5,67.9,18.2,16.0,20.4,8.2,7.0,9.1,   0,5.0,0.125,   0,   6,   21,   29,   12,   84,   113,   55,   31,   43,   19,   77,   105,   50,   0,14.1
15766,Estimates,Antigua and Barbuda,,28,ATG,AG,28,Country/Area,915,2022,   93,   93,   44,   49,211.0,90.8,35.1,   0,5.2,   0,0.52,133.0,   1,   0,12.0,1.58,0.76,28.3,   103,   1,   0,   0,6.8,77.5,74.5,80.2,63.4,60.3,66.0,18.3,16.0,20.2,8.7,7.0,9.8,   0,7.6,1.107,   0,   9,   37,   42,   33,   119,   138,   101,   54,   64,   44,   108,   127,   91,0,0
15840,Estimates,Aruba,29,533,ABW,AW,533,Country/Area,915,2022,   108,   108,   51,   57,598.8,89.4,40.8,   0,0.2,   0,0.16,...,   1,   0,9.6,1.62,0.78,28.8,   104,   1,   1,   0,9.3,76.2,73.5,78.7,62.5,59.9,64.9,16.3,14.8,17.7,6.2,5.2,6.7,   0,12.2,1.021,   0,   15,   36,   45,   27,   103,   135,   74,   40,   55,   27,   88,   119,   60,   0,1.4
15914,Estimates,Bahamas,,44,BHS,BS,44,Country/Area,915,2022,   397,   398,   190,   207,74.2,91.8,34.2,   1,2.4,   2,0.49,...,   4,   0,10.9,1.38,0.66,28.8,   103,   3,   2,   2,8.6,74.5,70.9,78.1,60.6,57.0,64.1,17.7,15.7,19.6,9.1,7.6,10.2,   0,11.1,4.308,   0,   13,   64,   85,   44,   177,   221,   134,   94,   123,   65,   165,   208,   123,   1,2.5
15988,Estimates,Barbados,,52,BRB,BB,52,Country/Area,915,2022,   282,   282,   135,   147,656.6,92.2,38.7,   0,0.2,-   0,-0.02,...,   3,   0,11.2,1.71,0.83,27.7,   104,   3,   2,   1,11.1,75.7,73.0,78.3,61.6,59.0,64.1,16.2,14.5,17.8,6.5,5.4,7.4,   0,9.7,3.149,   0,   11,   36,   43,   29,   121,   150,   94,   53,   65,   42,   110,   138,   83,-   0,-0.3
16062,Estimates,"Bonaire, Sint Eustatius and Saba",29,535,BES,BQ,535,Country/Area,915,2022,   28,   29,   15,   14,87.3,106.6,39.8,   0,1.3,   2,5.91,11.7,   0,   0,9.2,1.50,0.72,29.1,   105,   0,   0,   0,8.0,78.2,75.9,80.9,64.2,62.0,66.9,17.4,15.7,19.5,7.7,6.7,8.7,   0,10.2,0.262,   0,   12,   26,   28,   23,   84,   101,   65,   28,   32,   23,   71,   87,   53,   2,57.9
16136,Estimates,British Virgin Islands,19,92,VGB,VG,92,Country/Area,915,2022,   38,   38,   18,   20,248.8,88.6,37.1,   0,2.5,   1,1.69,41.0,   0,   0,8.4,1.03,0.49,28.6,   105,   0,   0,   0,5.9,77.2,74.4,79.9,63.3,60.7,65.9,16.7,15.0,18.2,7.2,6.4,7.8,   0,11.3,0.320,   0,   13,   27,   36,   18,   89,   118,   62,   28,   40,   18,   76,   103,   51,   1,14.4
16210,Estimates,Cayman Islands,19,136,CYM,KY,136,Country/Area,915,2022,   71,   72,   36,   36,297.1,101.0,37.5,   1,7.4,   1,2.04,34.1,   1,   0,12.2,1.54,0.74,30.6,   104,   0,   0,   0,4.8,80.0,77.6,82.5,65.2,62.8,67.8,20.3,18.4,22.2,9.6,8.5,10.6,   0,1.2,0.872,   0,   2,   31,   35,   27,   110,   127,   91,   55,   65,   46,   107,   125,   88,   1,13.2
16284,Estimates,Cuba,,192,CUB,CU,192,Country/Area,915,2022,  11 080,  11 060,  5 461,  5 598,103.6,97.6,41.5,-   18,-1.6,-   41,-0.37,...,   96,   14,8.7,1.41,0.67,26.3,   107,   114,   61,   53,10.3,77.6,75.2,80.1,63.2,60.9,65.6,17.9,16.4,19.3,8.8,8.1,9.4,   0,4.6,95.425,   1,   6,   25,   30,   20,   110,   138,   82,   40,   51,   29,   103,   130,   76,-   23,-2.1
16358,Estimates,Curaçao,29,531,CUW,CW,531,Country/Area,915,2022,   185,   185,   88,   97,437.1,90.7,38.0,-   0,-2.2,   0,0.05,...,   1,   0,7.5,1.07,0.52,30.0,   105,   2,   1,   1,9.7,76.7,72.4,80.8,62.7,58.5,66.6,16.8,13.9,19.2,7.5,5.8,8.5,   0,8.7,1.374,   0,   10,   32,   41,   21,   105,   150,   65,   40,   55,   24,   93,   136,   55,   1,2.8
16432,Estimates,Dominica,,212,DMA,DM,212,Country/Area,915,2022,   67,   67,   33,   33,89.1,100.5,35.3,-   0,-1.8,-   0,-0.47,...,   1,   0,11.1,1.48,0.70,28.2,   104,   1,   0,   0,12.9,71.1,68.1,74.6,58.7,55.9,62.1,14.2,12.8,15.7,6.1,5.6,6.5,   0,27.2,0.727,   0,   32,   64,   80,   47,   169,   217,   117,   60,   83,   36,   138,   184,   87,-   0,-3.0
16506,Estimates,Dominican Republic,,214,DOM,DO,214,Country/Area,915,2022,  11 179,  11 231,  5 586,  5 645,232.5,99.0,27.3,   139,12.4,   104,0.92,75.1,   205,   26,18.3,2.27,1.07,27.4,   104,   66,   38,   28,5.9,74.2,70.7,77.9,61.8,58.3,65.3,17.6,15.5,19.6,8.5,6.9,9.6,   5,26.1,200.278,   7,   32,   68,   85,   51,   162,   203,   120,   68,   90,   45,   133,   173,   92,-   35,-3.1
16580,Estimates,Grenada,,308,GRD,GD,308,Country/Area,915,2022,   117,   117,   59,   58,343.9,101.0,32.9,   0,3.2,   0,0.16,...,   1,   0,11.9,1.50,0.72,28.6,   104,   1,   1,   0,8.8,75.2,72.3,78.3,61.6,58.8,64.6,17.5,15.3,19.6,8.9,7.5,9.9,   0,13.0,1.379,   0,   16,   44,   48,   40,   151,   177,   122,   59,   69,   49,   134,   160,   106,-   0,-1.6
16654,Estimates,Guadeloupe,2,312,GLP,GP,312,Country/Area,915,2022,   392,   385,   175,   210,236.3,83.1,45.9,   1,1.6,-   15,-3.86,...,   4,   0,11.7,2.11,1.02,32.0,   103,   4,   2,   2,10.1,80.9,77.0,84.5,66.7,62.9,70.1,21.0,18.6,23.1,10.4,8.7,11.7,   0,7.6,4.469,   0,   9,   33,   48,   21,   97,   135,   65,   43,   62,   28,   88,   124,   58,-   15,-40.2
16728,Estimates,Haiti,,332,HTI,HT,332,Country/Area,915,2022,  11 438,  11 504,  5 698,  5 805,417.3,98.2,23.3,   164,14.3,   132,1.15,60.4,   259,   29,22.5,2.70,1.22,29.6,   103,   95,   53,   42,8.3,63.9,60.8,67.2,53.5,50.7,56.4,12.7,11.6,13.6,5.3,4.9,5.5,   12,44.6,249.785,   15,   57,   134,   161,   106,   296,   354,   234,   131,   165,   95,   244,   300,   185,-   32,-2.8
16802,Estimates,Jamaica,,388,JAM,JM,388,Country/Area,915,2022,  2 839,  2 839,  1 405,  1 434,262.2,98.0,31.2,   11,4.0,   1,0.04,...,   34,   4,11.9,1.37,0.65,27.9,   104,   22,   12,   10,7.9,71.5,69.0,74.0,58.1,55.7,60.4,14.5,13.4,15.5,6.3,5.9,6.6,   1,15.9,33.185,   1,   19,   57,   71,   42,   181,   221,   141,   75,   95,   54,   162,   201,   123,-   10,-3.5
16876,Estimates,Martinique,2,474,MTQ,MQ,474,Country/Area,915,2022,   351,   349,   159,   190,329.7,83.6,48.2,-   0,-0.1,-   4,-1.16,...,   4,   0,10.9,2.02,0.98,31.4,   103,   4,   2,   2,11.0,80.8,77.5,84.0,66.6,63.2,69.7,20.5,18.3,22.5,9.9,8.7,10.9,   0,7.3,3.795,   0,   9,   33,   48,   22,   90,   121,   65,   39,   55,   26,   81,   112,   57,-   4,-11.5
16950,Estimates,Montserrat,19,500,MSR,MS,500,Country/Area,915,2022,   4,   4,   2,   2,43.2,100.1,41.4,-   0,-3.9,-   0,-0.76,...,   0,   0,9.8,1.55,0.75,29.9,   104,   0,   0,   0,13.7,76.0,74.0,78.7,61.7,59.7,64.3,15.8,14.4,17.6,6.9,6.0,7.6,0,5.5,0.044,0,   7,   27,   30,   23,   104,   126,   81,   39,   45,   32,   96,   118,   72,-   0,-3.4
17024,Estimates,Puerto Rico,30,630,PRI,PR,630,Country/Area,915,2022,  3 242,  3 241,  1 528,  1 713,372.9,89.2,45.2,-   19,-5.7,-   2,-0.06,...,   19,   1,5.7,0.94,0.45,27.8,   105,   37,   20,   17,11.5,79.4,75.3,83.6,65.0,60.9,69.1,20.5,18.5,22.3,10.0,8.7,11.1,   0,5.4,18.532,   0,   6,   43,   67,   20,   121,   173,   70,   65,   101,   30,   114,   167,   64,   17,5.2
17098,Estimates,Saint Barthélemy,2,652,BLM,BL,652,Country/Area,915,2022,   11,   11,   5,   6,496.4,88.1,38.7,-   0,-1.5,   0,1.34,51.8,   0,   0,4.8,0.79,0.38,30.7,   104,   0,   0,   0,6.3,84.3,81.3,87.0,69.9,66.9,72.5,21.7,19.2,23.8,10.4,8.7,11.6,0,5.3,0.052,0,   6,   13,   15,   11,   41,   54,   30,   13,   17,   11,   35,   47,   24,   0,15.0
17172,Estimates,Saint Kitts and Nevis,,659,KNA,KN,659,Country/Area,915,2022,   47,   47,   22,   24,179.7,92.3,35.0,   0,0.3,   0,0.02,...,   1,   0,12.0,1.51,0.72,27.6,   104,   1,   0,   0,11.7,70.3,66.8,74.2,56.6,53.2,60.4,13.7,12.0,15.5,6.0,5.3,6.6,   0,13.0,0.553,   0,   15,   57,   74,   40,   201,   261,   138,   84,   115,   55,   185,   245,   124,0,0
17246,Estimates,Saint Lucia,,662,LCA,LC,662,Country/Area,915,2022,   179,   179,   88,   90,290.2,97.9,33.3,   1,3.0,   1,0.30,...,   2,   0,11.4,1.39,0.67,28.7,   103,   2,   1,   1,8.5,72.7,69.3,76.3,59.1,55.8,62.7,15.0,13.2,16.6,6.6,5.9,7.1,   0,14.4,2.015,   0,   17,   51,   66,   35,   161,   212,   109,   65,   89,   40,   144,   193,   92,0,0
17320,Estimates,Saint Martin (French part),2,663,MAF,MF,663,Country/Area,915,2022,   29,   29,   14,   15,544.7,88.2,38.4,   0,8.3,-   1,-4.25,...,   1,   0,17.3,2.76,1.34,30.8,   104,   0,   0,   0,9.0,80.2,76.8,83.8,66.1,62.8,69.6,18.9,16.2,21.5,8.6,7.0,10.0,   0,8.3,0.496,   0,   10,   21,   25,   17,   67,   91,   46,   22,   28,   16,   57,   79,   37,-   1,-51.1
17394,Estimates,Saint Vincent and the Grenadines,,670,VCT,VC,670,Country/Area,915,2022,   102,   102,   52,   50,261.7,104.3,33.6,   0,0.9,-   1,-0.72,...,   1,   0,12.4,1.79,0.85,28.2,   103,   1,   1,   1,11.5,71.2,68.6,74.3,57.5,54.9,60.6,14.8,13.4,16.4,6.6,6.0,7.1,   0,13.2,1.250,   0,   15,   63,   76,   50,   197,   236,   153,   90,   109,   69,   182,   221,   137,-   1,-8.1
17468,Estimates,Sint Maarten (Dutch part),29,534,SXM,SX,534,Country/Area,915,2022,   42,   42,   21,   22,1239.4,95.3,41.5,   0,1.2,   1,1.44,48.1,   0,   0,9.2,1.45,0.70,28.9,   104,   0,   0,   0,8.0,76.2,73.6,79.3,62.5,60.1,65.4,16.3,14.6,18.4,7.1,6.1,8.0,   0,13.1,0.383,   0,   15,   33,   39,   27,   103,   130,   77,   35,   43,   28,   87,   112,   63,   1,13.4
17542,Estimates,Trinidad and Tobago,,780,TTO,TT,780,Country/Area,915,2022,  1 492,  1 496,   740,   756,291.6,97.8,36.2,   4,2.8,   8,0.56,123.8,   16,   2,11.0,1.54,0.74,27.7,   104,   12,   7,   6,8.2,73.3,70.2,76.5,59.7,56.7,62.8,16.2,14.7,17.5,6.9,6.1,7.3,   0,13.9,16.234,   0,   16,   65,   88,   41,   165,   206,   122,   82,   110,   53,   149,   189,   107,   4,2.8
17616,Estimates,Turks and Caicos Islands,19,796,TCA,TC,796,Country/Area,915,2022,   46,   46,   23,   23,48.3,100.3,37.9,   0,3.6,   0,0.78,89.0,   1,   0,11.0,1.48,0.71,30.4,   105,   0,   0,   0,7.4,77.9,75.7,80.2,63.5,61.3,65.7,17.6,16.1,19.1,7.9,7.1,8.5,   0,4.9,0.501,   0,   6,   25,   30,   20,   99,   118,   79,   39,   47,   31,   93,   110,   73,   0,4.2
17690,Estimates,United States Virgin Islands,30,850,VIR,VI,850,Country/Area,915,2022,   87,   87,   42,   45,247.2,92.3,44.6,-   0,-4.4,-   1,-0.94,...,   1,   0,11.3,2.10,1.02,27.7,   104,   1,   1,   1,15.7,75.0,70.1,81.0,60.8,56.0,66.5,15.9,13.0,19.2,7.0,5.4,8.5,   0,5.2,0.974,   0,   6,   36,   54,   18,   129,   195,   63,   54,   84,   24,   121,   185,   56,-   0,-5.1
17838,Estimates,Belize,,84,BLZ,BZ,84,Country/Area,916,2022,   397,   403,   203,   200,17.7,101.5,25.5,   5,12.0,   11,2.67,25.9,   7,   1,17.4,1.95,0.93,27.2,   105,   2,   1,   1,5.4,72.2,69.6,75.1,58.2,55.6,61.0,14.8,13.6,16.2,6.6,6.3,6.9,   0,9.2,6.948,   0,   11,   44,   55,   32,   181,   227,   133,   74,   95,   53,   170,   215,   123,   6,14.7
17912,Estimates,Costa Rica,,188,CRI,CR,188,Country/Area,916,2022,  5 071,  5 082,  2 512,  2 570,99.5,97.8,33.5,   21,4.2,   22,0.44,...,   52,   5,10.3,1.34,0.64,28.2,   105,   31,   17,   14,6.1,79.3,76.5,82.2,65.0,62.2,67.9,19.6,18.0,21.0,8.9,7.7,9.8,   0,6.6,52.139,   0,   8,   38,   53,   23,   102,   134,   71,   51,   71,   31,   94,   125,   62,   1,0.2
17986,Estimates,El Salvador,,222,SLV,SV,222,Country/Area,916,2022,  6 265,  6 280,  2 983,  3 297,303.1,90.5,26.5,   53,8.5,   30,0.48,...,   100,   15,15.9,1.79,0.85,27.1,   105,   47,   25,   21,7.5,72.0,67.4,76.2,58.0,53.5,62.2,16.1,14.6,17.2,7.0,6.3,7.4,   1,9.9,99.124,   1,   12,   71,   105,   37,   206,   295,   128,   107,   169,   51,   194,   283,   116,-   23,-3.7
18060,Estimates,Guatemala,,320,GTM,GT,320,Country/Area,916,2022,  17 711,  17 848,  8 851,  8 996,166.6,98.4,22.2,   282,15.8,   273,1.53,45.3,   376,   65,21.1,2.34,1.11,27.3,   104,   94,   52,   42,5.3,71.2,68.7,73.7,58.0,55.6,60.4,15.3,14.5,16.1,6.3,5.8,6.7,   7,18.2,369.841,   8,   22,   70,   90,   50,   202,   247,   158,   92,   121,   62,   181,   225,   138,-   8,-0.5
18134,Estimates,Honduras,,340,HND,HN,340,Country/Area,916,2022,  10 373,  10 464,  5 269,  5 194,95.9,101.4,23.2,   186,17.8,   181,1.73,40.1,   233,   43,22.2,2.52,1.20,27.2,   105,   46,   26,   20,4.4,72.7,70.2,75.3,59.1,56.7,61.6,15.0,13.5,16.4,6.6,6.0,7.1,   3,13.4,229.997,   4,   16,   50,   59,   41,   162,   195,   128,   66,   80,   52,   145,   177,   113,-   5,-0.5
18208,Estimates,Mexico,,484,MEX,MX,484,Country/Area,916,2022,  128 055,  128 613,  62 402,  66 211,65.6,94.2,28.5,  1 224,9.5,  1 116,0.87,79.9,  2 063,   337,16.0,1.94,0.93,26.8,   104,   839,   465,   373,6.5,74.0,70.9,77.0,60.2,57.2,63.1,17.2,16.4,17.8,8.1,8.1,8.1,   23,10.9,"2,043.380",   28,   14,   62,   87,   37,   173,   229,   119,   85,   123,   48,   159,   215,   106,-   108,-0.8
18282,Estimates,Nicaragua,,558,NIC,NI,558,Country/Area,916,2022,  6 684,  6 731,  3 309,  3 422,55.9,96.7,24.9,   101,15.0,   93,1.38,50.2,   133,   30,19.7,2.24,1.08,26.0,   104,   32,   17,   15,4.7,74.5,71.8,76.9,60.8,58.2,63.1,16.4,15.1,17.4,6.7,5.9,7.2,   2,12.7,131.087,   2,   15,   48,   62,   34,   146,   183,   109,   64,   87,   42,   130,   167,   95,-   8,-1.2
18356,Estimates,Panama,,591,PAN,PA,591,Country/Area,916,2022,  4 372,  4 401,  2 201,  2 200,59.3,100.1,29.3,   51,11.5,   59,1.33,52.1,   71,   10,16.2,2.14,1.02,27.3,   106,   21,   12,   9,4.8,79.3,76.4,82.3,65.8,63.0,68.7,20.4,18.4,22.2,9.9,8.8,10.8,   1,12.9,70.658,   1,   17,   47,   60,   34,   110,   137,   83,   49,   65,   33,   93,   118,   66,   8,1.8
18504,Estimates,Argentina,,32,ARG,AR,32,Country/Area,931,2022,  45 357,  45 408,  22 527,  22 881,16.3,98.5,31.7,   97,2.1,   102,0.23,...,   496,   44,10.9,1.48,0.71,29.1,   105,   399,   201,   198,8.8,75.8,73.2,78.3,61.8,59.2,64.3,16.8,14.9,18.4,7.8,6.7,8.6,   5,9.2,492.132,   5,   11,   39,   46,   31,   125,   148,   101,   52,   62,   41,   113,   137,   90,   6,0.1
18578,Estimates,Bolivia (Plurinational State of),,68,BOL,BO,68,Country/Area,931,2022,  11 995,  12 077,  6 054,  6 023,11.1,100.5,24.4,   168,13.9,   165,1.36,50.8,   260,   38,21.6,2.58,1.18,28.2,   104,   93,   51,   42,7.7,67.4,64.8,70.3,56.1,53.6,58.7,14.3,13.1,15.3,6.8,6.2,7.2,   9,32.7,253.096,   11,   43,   106,   123,   87,   249,   294,   202,   107,   132,   81,   207,   250,   161,-   3,-0.2
18652,Estimates,Brazil,,76,BRA,BR,76,Country/Area,931,2022,  209 906,  210 306,  103 549,  106 757,25.2,97.0,33.5,  1 055,5.0,   801,0.38,...,  2 640,   322,12.6,1.63,0.78,27.8,   105,  1 586,   879,   707,7.5,74.9,71.7,78.1,61.1,58.0,64.2,17.2,15.8,18.5,7.5,6.8,7.9,   33,12.3,"2,611.957",   37,   14,   55,   75,   35,   154,   198,   108,   74,   101,   45,   140,   184,   95,-   254,-1.2
18726,Estimates,Chile,,152,CHL,CL,152,Country/Area,931,2022,  19 503,  19 553,  9 718,  9 835,26.0,98.8,35.5,   41,2.1,   100,0.51,134.9,   189,   5,9.7,1.26,0.61,31.1,   104,   148,   78,   70,7.6,79.2,76.8,81.6,64.7,62.4,67.1,19.2,18.0,20.4,9.2,8.5,9.7,   1,4.5,188.393,   1,   5,   28,   36,   20,   102,   130,   73,   44,   58,   30,   96,   124,   67,   59,3.0
18800,Estimates,Colombia,,170,COL,CO,170,Country/Area,931,2022,  51 443,  51 738,  25 534,  26 204,46.0,97.4,31.2,   406,7.9,   589,1.14,60.9,   710,   120,13.7,1.66,0.80,26.6,   105,   304,   168,   136,5.9,76.5,73.6,79.5,62.7,59.8,65.5,17.7,16.1,19.1,7.4,6.4,8.2,   7,10.2,704.088,   9,   12,   51,   71,   32,   122,   156,   88,   61,   85,   37,   108,   141,   75,   183,3.5
18874,Estimates,Ecuador,,218,ECU,EC,218,Country/Area,931,2022,  17 746,  17 824,  8 889,  8 935,71.8,99.5,28.0,   179,10.1,   156,0.88,79.1,   275,   44,15.4,1.86,0.89,27.4,   105,   96,   53,   42,5.4,76.6,73.7,79.5,62.7,60.0,65.5,18.3,16.7,19.7,8.0,7.1,8.8,   3,10.0,272.515,   3,   12,   51,   68,   33,   133,   166,   100,   64,   86,   40,   120,   152,   87,-   23,-1.3
18948,Estimates,Falkland Islands (Malvinas),31,238,FLK,FK,238,Country/Area,931,2022,   3,   3,   2,   2,0.3,97.5,40.9,   0,4.1,-   0,-0.40,...,   0,0,11.8,1.69,0.82,30.4,   103,   0,   0,   0,7.7,79.0,76.9,81.1,65.0,62.9,67.1,18.0,16.3,19.6,7.9,7.0,8.8,0,9.4,0.041,0,   11,   24,   25,   23,   77,   90,   63,   25,   28,   23,   65,   78,   52,-   0,-6.0
19022,Estimates,French Guiana,2,254,GUF,GF,254,Country/Area,931,2022,   296,   298,   144,   155,3.6,93.0,25.2,   6,20.8,   5,1.70,40.7,   8,   1,25.7,3.44,1.66,29.3,   104,   1,   1,   1,4.9,76.8,73.9,79.9,62.7,60.0,65.6,16.6,15.0,18.3,7.0,6.2,7.7,   0,9.0,7.592,   0,   11,   33,   43,   23,   101,   135,   68,   47,   66,   31,   90,   122,   60,-   1,-3.8
19096,Estimates,Guyana,,328,GUY,GY,328,Country/Area,931,2022,   819,   822,   400,   421,4.2,95.0,25.3,   11,13.4,   5,0.59,116.9,   17,   3,20.7,2.44,1.15,27.0,   104,   6,   3,   3,7.3,69.9,66.2,73.7,56.9,53.4,60.6,15.2,13.4,16.9,7.9,6.8,8.6,   0,22.0,16.711,   0,   27,   75,   92,   58,   230,   293,   168,   100,   133,   69,   207,   269,   147,-   6,-7.5
19170,Estimates,Paraguay,,600,PRY,PY,600,Country/Area,931,2022,  6 719,  6 760,  3 392,  3 369,16.7,100.7,26.0,   95,14.0,   82,1.22,57.0,   138,   20,20.4,2.44,1.16,27.7,   105,   43,   24,   19,6.4,72.3,69.4,75.4,58.8,56.0,61.8,15.3,13.8,16.7,7.0,6.2,7.6,   2,14.5,135.865,   2,   17,   55,   70,   41,   175,   219,   130,   74,   95,   51,   158,   201,   113,-   13,-1.8
19244,Estimates,Peru,,604,PER,PE,604,Country/Area,931,2022,  33 295,  33 475,  16 652,  16 824,26.2,99.0,29.1,   328,9.8,   362,1.08,64.1,   542,   62,16.2,2.00,0.96,28.8,   104,   214,   111,   103,6.4,76.8,75.0,78.7,63.3,61.5,65.1,18.2,17.3,19.1,7.9,7.3,8.3,   6,11.9,536.075,   8,   15,   49,   61,   37,   126,   147,   104,   57,   71,   42,   109,   129,   89,   34,1.0
19318,Estimates,Suriname,,740,SUR,SR,740,Country/Area,931,2022,   620,   623,   312,   311,4.0,100.1,27.9,   7,10.8,   6,0.92,75.4,   11,   1,17.5,2.27,1.08,28.4,   104,   4,   2,   2,6.7,73.3,70.1,76.5,59.7,56.6,62.9,16.7,14.5,18.5,8.1,6.7,9.1,   0,14.6,10.748,   0,   17,   61,   70,   51,   180,   218,   140,   79,   96,   62,   164,   201,   124,-   1,-1.6
19392,Estimates,Uruguay,,858,URY,UY,858,Country/Area,931,2022,  3 393,  3 391,  1 644,  1 747,19.6,94.2,35.5,-   3,-0.9,-   4,-0.13,...,   34,   3,10.0,1.43,0.68,29.2,   106,   37,   19,   18,10.8,76.5,72.4,80.5,62.1,58.2,66.1,17.9,14.9,20.4,9.4,7.2,10.7,   0,6.2,33.586,   0,   8,   41,   55,   25,   131,   168,   93,   61,   81,   40,   123,   160,   86,-   2,-0.4
19466,Estimates,Venezuela (Bolivarian Republic of),,862,VEN,VE,862,Country/Area,931,2022,  28 175,  28 213,  13 952,  14 261,30.8,97.8,28.8,   217,7.7,   76,0.27,...,   424,   95,15.0,2.09,0.99,26.3,   105,   207,   116,   91,7.3,72.6,68.8,76.5,59.2,55.5,63.1,16.5,14.9,17.9,6.9,6.2,7.3,   7,15.7,418.007,   8,   19,   86,   119,   50,   181,   234,   126,   98,   137,   56,   162,   214,   108,-   141,-5.0
19614,Estimates,Bermuda,19,60,BMU,BM,60,Country/Area,905,2022,   65,   65,   32,   33,1199.0,96.1,44.7,-   0,-0.6,-   0,-0.08,...,   1,   0,8.2,1.40,0.68,32.1,   104,   1,   0,   0,8.8,82.1,78.6,85.6,67.3,63.9,70.7,20.6,17.8,23.2,9.7,7.9,11.0,   0,2.1,0.529,   0,   2,   17,   22,   11,   71,   91,   49,   29,   37,   20,   67,   87,   47,0,0
19688,Estimates,Canada,,124,CAN,CA,124,Country/Area,905,2022,  38 583,  38 821,  19 282,  19 539,4.3,98.7,40.3,   17,0.4,   477,1.23,56.4,   355,   5,9.1,1.37,0.66,31.4,   105,   338,   184,   154,8.7,81.2,78.5,84.1,66.7,64.0,69.5,20.8,19.2,22.4,10.0,8.9,10.9,   2,4.3,353.352,   2,   5,   24,   31,   16,   88,   115,   60,   37,   49,   24,   83,   109,   56,   460,11.8
19762,Estimates,Greenland,17,304,GRL,GL,304,Country/Area,905,2022,   56,   56,   30,   26,0.1,111.4,33.9,   0,4.7,-   0,-0.10,...,   1,   0,14.4,1.97,0.92,27.9,   105,   1,   0,   0,9.7,70.1,68.1,72.4,56.7,54.9,58.9,14.6,14.0,15.4,6.4,6.0,6.6,   0,9.8,0.797,   0,   12,   88,   106,   69,   211,   244,   172,   110,   130,   87,   191,   221,   155,-   0,-5.8
19836,Estimates,Saint Pierre and Miquelon,2,666,SPM,PM,666,Country/Area,905,2022,   6,   6,   3,   3,24.9,98.0,46.0,-   0,-8.8,-   0,-0.80,...,   0,0,5.5,1.28,0.62,29.2,   105,   0,   0,   0,14.3,76.7,72.7,81.5,62.6,58.8,67.1,16.8,14.5,19.2,7.6,6.4,8.3,0,8.2,0.031,0,   10,   29,   44,   13,   106,   155,   51,   39,   61,   15,   96,   143,   44,0,0
19910,Estimates,United States of America,32,840,USA,US,840,Country/Area,905,2022,  340 593,  341 534,  171 673,  169 861,37.3,101.1,37.7,   563,1.6,  1 882,0.55,125.8,  3 750,   148,11.0,1.67,0.80,29.9,   105,  3 187,  1 709,  1 478,9.3,78.0,75.3,80.8,63.6,60.9,66.3,19.4,18.0,20.7,9.3,8.5,9.9,   20,5.4,"3,732.911",   24,   6,   40,   52,   27,   132,   164,   96,   61,   80,   41,   125,   157,   90,  1 319,3.9
20132,Estimates,Australia,33,36,AUS,AU,36,Country/Area,927,2022,  26 081,  26 201,  13 000,  13 201,3.4,98.5,37.5,   99,3.8,   240,0.92,75.8,   303,   5,11.6,1.64,0.79,31.4,   106,   205,   110,   95,7.8,82.8,80.7,84.9,68.2,66.1,70.3,20.9,19.5,22.3,9.4,8.5,10.3,   1,3.6,302.449,   1,   5,   5,   5,   5,   47,   59,   36,   4,   4,   3,   43,   55,   30,   141,5.4
20206,Estimates,New Zealand,34,554,NZL,NZ,554,Country/Area,927,2022,  5 112,  5 132,  2 548,  2 583,19.4,98.6,37.1,   18,3.5,   39,0.77,90.6,   59,   2,11.5,1.67,0.80,30.6,   105,   41,   20,   21,8.0,81.0,79.5,82.6,66.6,65.1,68.2,20.0,19.1,20.9,8.9,8.6,9.2,   0,4.7,58.716,   0,   6,   26,   33,   18,   77,   92,   63,   35,   42,   27,   70,   84,   56,   21,4.2
20354,Estimates,Fiji,,242,FJI,FJ,242,Country/Area,928,2022,   917,   919,   456,   463,50.3,98.5,27.5,   8,8.9,   5,0.51,137.0,   17,   1,18.2,2.31,1.07,28.8,   107,   9,   5,   4,9.3,67.1,65.1,69.2,54.3,52.4,56.2,12.0,10.7,13.2,5.5,4.6,6.0,   0,22.2,16.438,   0,   28,   63,   69,   57,   246,   279,   212,   85,   97,   73,   221,   253,   188,-   4,-3.9
20428,Estimates,New Caledonia,2,540,NCL,NC,540,Country/Area,928,2022,   286,   287,   142,   146,15.7,97.3,33.6,   2,7.7,   3,0.94,73.9,   4,   0,14.5,2.00,0.95,30.4,   106,   2,   1,   1,6.8,77.7,75.1,80.4,63.7,61.2,66.3,18.6,17.3,19.8,7.4,6.7,7.9,   0,9.6,4.128,   0,   12,   39,   53,   25,   117,   150,   84,   55,   77,   34,   106,   137,   74,   0,1.7
20502,Estimates,Papua New Guinea,,598,PNG,PG,598,Country/Area,928,2022,  10 110,  10 203,  5 257,  4 946,22.5,106.3,22.1,   187,18.3,   186,1.82,38.0,   257,   27,25.2,3.17,1.42,29.3,   108,   70,   42,   28,6.8,65.3,62.9,68.3,53.6,51.3,56.4,12.4,11.3,13.8,5.4,5.0,5.8,   9,33.2,249.388,   11,   41,   108,   122,   92,   278,   324,   226,   121,   144,   97,   240,   286,   189,-   1,-0.1
20576,Estimates,Solomon Islands,,90,SLB,SB,90,Country/Area,928,2022,   772,   781,   399,   382,27.1,104.7,20.0,   17,22.1,   19,2.41,28.8,   21,   2,27.3,3.62,1.68,29.2,   107,   4,   2,   2,5.2,70.4,69.1,71.8,57.1,56.0,58.4,13.7,13.1,14.4,5.7,5.5,5.9,   0,15.0,21.018,   0,   18,   64,   69,   59,   189,   208,   168,   80,   86,   73,   168,   186,   149,   2,2.0
20650,Estimates,Vanuatu,,548,VUT,VU,548,Country/Area,928,2022,   309,   313,   158,   155,25.7,102.1,20.1,   7,23.5,   7,2.36,29.4,   9,   1,28.7,3.65,1.70,28.1,   107,   2,   1,   1,5.2,71.3,69.3,73.8,57.9,55.9,60.3,14.3,13.2,15.8,6.2,5.9,6.8,   0,15.2,8.856,   0,   18,   59,   66,   51,   182,   211,   151,   77,   88,   64,   164,   192,   133,0,0
20798,Estimates,Guam,30,316,GUM,GU,316,Country/Area,954,2022,   165,   165,   84,   81,305.3,103.0,31.0,   2,11.3,   1,0.82,84.4,   3,   0,18.0,2.82,1.33,29.0,   107,   1,   1,   0,6.7,77.1,73.3,81.4,63.2,59.5,67.4,20.3,18.1,22.4,10.9,9.4,12.2,   0,11.4,2.945,   0,   13,   52,   69,   33,   164,   211,   112,   74,   102,   44,   151,   198,   100,-   1,-3.0
20872,Estimates,Kiribati,,296,KIR,KI,296,Country/Area,954,2022,   129,   130,   63,   67,179.7,93.8,22.5,   3,19.3,   2,1.63,42.4,   3,   0,26.4,3.18,1.41,29.1,   107,   1,   0,   0,7.1,66.3,64.4,67.9,55.7,54.2,57.0,13.4,12.6,14.0,5.7,5.3,5.8,   0,44.1,3.319,   0,   56,   115,   125,   105,   250,   278,   223,   101,   111,   92,   197,   223,   174,-   0,-3.0
20946,Estimates,Marshall Islands,,584,MHL,MH,584,Country/Area,954,2022,   41,   40,   21,   20,222.7,105.1,21.0,   1,15.1,-   1,-3.02,...,   1,   0,22.0,2.94,1.34,27.1,   107,   0,   0,   0,6.9,66.7,64.7,69.1,54.1,52.3,56.4,13.1,11.9,14.4,5.9,5.4,6.3,   0,22.8,0.863,   0,   29,   98,   105,   90,   262,   295,   227,   122,   134,   109,   235,   266,   200,-   2,-45.6
21020,Estimates,Micronesia (Fed. States of),,583,FSM,FM,583,Country/Area,954,2022,   112,   112,   56,   56,160.2,98.9,22.6,   2,14.9,   1,0.45,...,   3,   0,22.5,2.79,1.28,28.9,   107,   1,   0,   0,7.6,67.0,63.4,70.7,54.0,50.5,57.6,13.3,11.6,14.9,6.1,5.3,6.5,   0,19.4,2.480,   0,   24,   96,   116,   75,   268,   334,   202,   130,   164,   95,   245,   310,   180,-   1,-10.3
21094,Estimates,Nauru,,520,NRU,NR,520,Country/Area,954,2022,   12,   12,   6,   6,590.1,103.8,20.6,   0,19.1,   0,0.75,92.9,   0,   0,26.6,3.38,1.49,27.2,   107,   0,   0,   0,7.5,61.9,60.0,64.0,49.2,47.2,51.4,12.2,10.8,13.6,5.5,5.1,6.1,   0,21.1,0.308,   0,   27,   152,   153,   151,   375,   414,   332,   207,   223,   191,   350,   392,   305,-   0,-12.2
21168,Estimates,Northern Mariana Islands,30,580,MNP,MP,580,Country/Area,954,2022,   47,   46,   24,   22,100.8,111.3,35.2,   0,9.3,-   1,-2.00,...,   1,   0,13.8,2.39,1.10,29.0,   115,   0,   0,   0,4.5,78.5,76.9,80.5,64.1,62.5,66.1,17.7,16.4,19.0,7.8,7.1,8.4,   0,5.1,0.633,   0,   7,   21,   25,   18,   85,   98,   70,   31,   36,   25,   78,   90,   63,-   1,-29.3
21242,Estimates,Palau,,585,PLW,PW,585,Country/Area,954,2022,   18,   18,   10,   8,38.6,117.1,37.5,-   0,-0.4,-   0,-0.12,...,   0,   0,11.1,1.93,0.89,28.5,   108,   0,   0,   0,11.5,68.9,66.7,71.6,55.8,53.7,58.4,13.8,12.5,15.2,6.2,5.6,6.5,   0,18.3,0.194,   0,   22,   76,   84,   66,   229,   262,   189,   102,   115,   85,   208,   239,   168,-   0,-1.1
21390,Estimates,American Samoa,30,16,ASM,AS,16,Country/Area,957,2022,   49,   48,   24,   24,241.7,102.2,27.9,   0,8.7,-   1,-1.82,...,   1,   0,15.5,2.31,1.10,29.3,   106,   0,   0,   0,6.8,72.8,70.1,75.8,58.6,55.9,61.6,15.4,14.2,16.7,6.9,6.6,7.1,   0,8.5,0.744,   0,   11,   46,   56,   35,   179,   223,   131,   86,   110,   60,   169,   212,   121,-   1,-27.0
21464,Estimates,Cook Islands,36,184,COK,CK,184,Country/Area,957,2022,   15,   15,   7,   7,61.3,96.7,34.1,   0,4.4,-   0,-3.35,...,   0,   0,13.4,2.07,0.99,29.2,   106,   0,   0,   0,8.9,75.1,71.7,78.9,60.7,57.3,64.6,16.5,14.7,18.4,7.5,6.7,8.1,   0,5.7,0.196,   0,   7,   38,   53,   25,   143,   193,   92,   62,   90,   37,   135,   185,   85,-   1,-38.0
21538,Estimates,French Polynesia,2,258,PYF,PF,258,Country/Area,957,2022,   280,   280,   142,   138,76.1,102.5,34.2,   2,7.6,   1,0.28,...,   3,   0,11.2,1.52,0.73,29.2,   106,   1,   1,   0,3.5,83.9,81.6,86.3,69.5,67.2,71.9,21.3,19.4,23.3,10.1,8.8,11.3,   0,5.4,3.112,   0,   6,   13,   15,   12,   43,   53,   33,   14,   16,   12,   36,   45,   27,-   1,-4.8
21612,Estimates,Niue,36,570,NIU,NU,570,Country/Area,957,2022,   2,   2,   1,   1,7.0,92.5,36.7,-   0,-0.8,-   0,-0.17,...,   0,   0,13.8,2.54,1.18,29.1,   107,   0,   0,   0,14.7,69.8,67.2,72.6,56.9,54.4,59.5,14.0,12.6,15.3,6.2,5.6,6.5,   0,20.1,0.025,   0,   25,   71,   83,   59,   206,   244,   163,   85,   104,   68,   182,   218,   140,0,0
21686,Estimates,Samoa,,882,WSM,WS,882,Country/Area,957,2022,   215,   215,   108,   107,76.1,101.3,20.1,   4,19.9,   1,0.67,103.1,   6,   0,26.1,3.88,1.80,29.3,   108,   1,   1,   1,6.2,71.6,69.7,73.5,58.0,56.2,59.8,14.7,13.4,15.9,6.6,5.9,7.0,   0,13.5,5.553,   0,   16,   59,   62,   55,   184,   204,   162,   79,   85,   73,   167,   187,   146,-   3,-13.2
21760,Estimates,Tokelau,36,772,TKL,TK,772,Country/Area,957,2022,   2,   2,   1,   1,190.8,96.0,26.6,   0,13.1,   0,4.54,15.3,   0,   0,18.9,2.65,1.28,29.3,   103,   0,   0,   0,5.8,76.9,74.8,78.8,62.5,60.4,64.3,17.5,15.7,19.0,7.9,7.0,8.6,0,4.2,0.043,0,   6,   33,   34,   31,   120,   134,   109,   53,   55,   50,   113,   127,   103,   0,34.9
21834,Estimates,Tonga,,776,TON,TO,776,Country/Area,957,2022,   105,   105,   50,   55,161.6,91.4,20.7,   2,16.9,-   0,-0.43,...,   2,   0,23.4,3.17,1.49,29.9,   108,   1,   0,   0,6.5,72.6,69.2,76.2,58.7,55.2,62.1,15.3,13.5,17.1,6.9,6.1,7.5,   0,9.3,2.433,   0,   11,   51,   67,   39,   176,   228,   126,   77,   104,   54,   164,   215,   114,-   2,-21.1
21908,Estimates,Tuvalu,,798,TUV,TV,798,Country/Area,957,2022,   10,   10,   5,   5,333.1,104.7,24.3,   0,15.0,-   0,-1.76,...,   0,   0,24.1,3.24,1.49,29.2,   107,   0,   0,   0,9.1,66.9,63.5,70.4,53.6,50.4,57.1,13.5,11.6,15.0,6.1,5.4,6.6,   0,16.7,0.237,   0,   20,   98,   114,   80,   278,   336,   213,   139,   168,   105,   258,   316,   193,-   0,-32.0
21982,Estimates,Wallis and Futuna Islands,2,876,WLF,WF,876,Country/Area,957,2022,   12,   11,   5,   6,82.0,91.8,36.6,   0,1.2,-   0,-0.99,...,   0,   0,8.7,1.42,0.68,30.2,   105,   0,   0,   0,7.5,78.5,77.5,79.5,64.6,63.3,66.0,18.1,16.9,19.4,8.8,8.0,9.4,   0,11.2,0.099,   0,   13,   25,   19,   30,   88,   87,   89,   27,   25,   29,   75,   78,   72,-   0,-11.0