CATCHMENT,NETWORK,SEASON,YEAR,WEEK,AGE CATEGORY,SEX CATEGORY,RACE CATEGORY,CUMULATIVE RATE,WEEKLY RATE,AGE ADJUSTED CUMULATIVE RATE,AGE ADJUSTED WEEKLY RATE 
Entire Network,FluSurv-NET,2017-18,2017,40,Overall,Male,Overall,0.1,0.1,null,null
Entire Network,FluSurv-NET,2017-18,2017,40,Overall,Female,Overall,0.1,0.1,null,null
Entire Network,FluSurv-NET,2017-18,2017,40,Overall,Overall,White,0.1,0.1,0.08,0.08
Entire Network,FluSurv-NET,2017-18,2017,40,Overall,Overall,Black,0.2,0.2,0.19,0.19
Entire Network,FluSurv-NET,2017-18,2017,40,Overall,Overall,Hispanic/Latino,0.1,0.1,0.1,0.1
Entire Network,FluSurv-NET,2017-18,2017,40,Overall,Overall,Asian/Pacific Islander,0,0,0.04,0.04
Entire Network,FluSurv-NET,2017-18,2017,40,Overall,Overall,American Indian/Alaska Native,0,0,0,0
Entire Network,FluSurv-NET,2017-18,2017,40,Overall,Overall,Overall,0.1,0.1,0.09,0.09
Entire Network,FluSurv-NET,2017-18,2017,41,Overall,Male,Overall,0.2,0.1,null,null
Entire Network,FluSurv-NET,2017-18,2017,41,Overall,Female,Overall,0.3,0.1,null,null
Entire Network,FluSurv-NET,2017-18,2017,41,Overall,Overall,White,0.1,0,0.12,0.04
Entire Network,FluSurv-NET,2017-18,2017,41,Overall,Overall,Black,0.2,0.1,0.26,0.07
Entire Network,FluSurv-NET,2017-18,2017,41,Overall,Overall,Hispanic/Latino,0.1,0,0.12,0.02
Entire Network,FluSurv-NET,2017-18,2017,41,Overall,Overall,Asian/Pacific Islander,0.2,0.1,0.14,0.1
Entire Network,FluSurv-NET,2017-18,2017,41,Overall,Overall,American Indian/Alaska Native,0,0,0,0
Entire Network,FluSurv-NET,2017-18,2017,41,Overall,Overall,Overall,0.2,0.1,0.14,0.05
Entire Network,FluSurv-NET,2017-18,2017,42,Overall,Male,Overall,0.4,0.2,null,null
Entire Network,FluSurv-NET,2017-18,2017,42,Overall,Female,Overall,0.5,0.2,null,null
Entire Network,FluSurv-NET,2017-18,2017,42,Overall,Overall,White,0.4,0.2,0.23,0.12
Entire Network,FluSurv-NET,2017-18,2017,42,Overall,Overall,Black,0.5,0.3,0.49,0.23
Entire Network,FluSurv-NET,2017-18,2017,42,Overall,Overall,Hispanic/Latino,0.3,0.1,0.25,0.14
Entire Network,FluSurv-NET,2017-18,2017,42,Overall,Overall,Asian/Pacific Islander,0.3,0.2,0.23,0.1
Entire Network,FluSurv-NET,2017-18,2017,42,Overall,Overall,American Indian/Alaska Native,1,1,0.91,0.91
Entire Network,FluSurv-NET,2017-18,2017,42,Overall,Overall,Overall,0.5,0.2,0.29,0.15
Entire Network,FluSurv-NET,2017-18,2017,43,Overall,Male,Overall,0.6,0.2,null,null
Entire Network,FluSurv-NET,2017-18,2017,43,Overall,Female,Overall,0.8,0.3,null,null
Entire Network,FluSurv-NET,2017-18,2017,43,Overall,Overall,White,0.6,0.2,0.35,0.12
Entire Network,FluSurv-NET,2017-18,2017,43,Overall,Overall,Black,0.7,0.2,0.65,0.16
Entire Network,FluSurv-NET,2017-18,2017,43,Overall,Overall,Hispanic/Latino,0.4,0.2,0.46,0.21
Entire Network,FluSurv-NET,2017-18,2017,43,Overall,Overall,Asian/Pacific Islander,0.6,0.3,0.37,0.14
Entire Network,FluSurv-NET,2017-18,2017,43,Overall,Overall,American Indian/Alaska Native,1.5,0.5,1.45,0.54
Entire Network,FluSurv-NET,2017-18,2017,43,Overall,Overall,Overall,0.7,0.2,0.43,0.14
Entire Network,FluSurv-NET,2017-18,2017,44,Overall,Female,Overall,1.1,0.3,null,null
Entire Network,FluSurv-NET,2017-18,2017,44,Overall,Male,Overall,0.9,0.3,null,null
Entire Network,FluSurv-NET,2017-18,2017,44,Overall,Overall,White,0.8,0.3,0.54,0.19
Entire Network,FluSurv-NET,2017-18,2017,44,Overall,Overall,Black,1.1,0.3,0.98,0.32
Entire Network,FluSurv-NET,2017-18,2017,44,Overall,Overall,Hispanic/Latino,0.9,0.5,0.87,0.4
Entire Network,FluSurv-NET,2017-18,2017,44,Overall,Overall,Asian/Pacific Islander,0.8,0.2,0.5,0.13
Entire Network,FluSurv-NET,2017-18,2017,44,Overall,Overall,American Indian/Alaska Native,1.5,0,1.45,0
Entire Network,FluSurv-NET,2017-18,2017,44,Overall,Overall,Overall,1,0.3,0.67,0.24
Entire Network,FluSurv-NET,2017-18,2017,45,Overall,Male,Overall,1.2,0.3,null,null
Entire Network,FluSurv-NET,2017-18,2017,45,Overall,Female,Overall,1.4,0.4,null,null
Entire Network,FluSurv-NET,2017-18,2017,45,Overall,Overall,White,1.1,0.3,0.77,0.23
Entire Network,FluSurv-NET,2017-18,2017,45,Overall,Overall,Black,1.4,0.3,1.25,0.27
Entire Network,FluSurv-NET,2017-18,2017,45,Overall,Overall,Hispanic/Latino,1,0.2,1.05,0.19
Entire Network,FluSurv-NET,2017-18,2017,45,Overall,Overall,Asian/Pacific Islander,1,0.2,0.59,0.08
Entire Network,FluSurv-NET,2017-18,2017,45,Overall,Overall,American Indian/Alaska Native,1.5,0,1.45,0
Entire Network,FluSurv-NET,2017-18,2017,45,Overall,Overall,Overall,1.3,0.3,0.9,0.23
Entire Network,FluSurv-NET,2017-18,2017,46,Overall,Male,Overall,1.7,0.4,null,null
Entire Network,FluSurv-NET,2017-18,2017,46,Overall,Female,Overall,1.9,0.4,null,null
Entire Network,FluSurv-NET,2017-18,2017,46,Overall,Overall,White,1.5,0.3,1.06,0.29
Entire Network,FluSurv-NET,2017-18,2017,46,Overall,Overall,Black,1.9,0.5,1.75,0.51
Entire Network,FluSurv-NET,2017-18,2017,46,Overall,Overall,Hispanic/Latino,1.3,0.2,1.3,0.24
Entire Network,FluSurv-NET,2017-18,2017,46,Overall,Overall,Asian/Pacific Islander,1.3,0.3,0.69,0.1
Entire Network,FluSurv-NET,2017-18,2017,46,Overall,Overall,American Indian/Alaska Native,4.4,2.9,3.04,1.59
Entire Network,FluSurv-NET,2017-18,2017,46,Overall,Overall,Overall,1.8,0.4,1.2,0.3
Entire Network,FluSurv-NET,2017-18,2017,47,Overall,Male,Overall,2.3,0.7,null,null
Entire Network,FluSurv-NET,2017-18,2017,47,Overall,Female,Overall,2.7,0.8,null,null
Entire Network,FluSurv-NET,2017-18,2017,47,Overall,Overall,White,2.3,0.8,1.57,0.51
Entire Network,FluSurv-NET,2017-18,2017,47,Overall,Overall,Black,2.6,0.7,2.38,0.63
Entire Network,FluSurv-NET,2017-18,2017,47,Overall,Overall,Hispanic/Latino,1.9,0.6,1.94,0.65
Entire Network,FluSurv-NET,2017-18,2017,47,Overall,Overall,Asian/Pacific Islander,1.7,0.3,0.96,0.28
Entire Network,FluSurv-NET,2017-18,2017,47,Overall,Overall,American Indian/Alaska Native,4.4,0,3.04,0
Entire Network,FluSurv-NET,2017-18,2017,47,Overall,Overall,Overall,2.5,0.8,1.74,0.54
Entire Network,FluSurv-NET,2017-18,2017,48,Overall,Overall,White,3.5,1.2,2.35,0.78
Entire Network,FluSurv-NET,2017-18,2017,48,Overall,Overall,Black,3.8,1.2,3.42,1.04
Entire Network,FluSurv-NET,2017-18,2017,48,Overall,Overall,Hispanic/Latino,2.7,0.8,2.88,0.94
Entire Network,FluSurv-NET,2017-18,2017,48,Overall,Overall,Asian/Pacific Islander,2.1,0.5,1.29,0.33
Entire Network,FluSurv-NET,2017-18,2017,48,Overall,Overall,American Indian/Alaska Native,4.9,0.5,3.49,0.45
Entire Network,FluSurv-NET,2017-18,2017,48,Overall,Overall,Overall,3.7,1.2,2.54,0.79
Entire Network,FluSurv-NET,2017-18,2017,48,Overall,Male,Overall,3.4,1,null,null
Entire Network,FluSurv-NET,2017-18,2017,48,Overall,Female,Overall,4,1.3,null,null
Entire Network,FluSurv-NET,2017-18,2017,49,Overall,Female,Overall,5.5,1.5,null,null
Entire Network,FluSurv-NET,2017-18,2017,49,Overall,Male,Overall,4.6,1.2,null,null
Entire Network,FluSurv-NET,2017-18,2017,49,Overall,Overall,White,4.8,1.3,3.24,0.89
Entire Network,FluSurv-NET,2017-18,2017,49,Overall,Overall,Black,5,1.2,4.54,1.13
Entire Network,FluSurv-NET,2017-18,2017,49,Overall,Overall,Hispanic/Latino,3.6,0.9,3.7,0.83
Entire Network,FluSurv-NET,2017-18,2017,49,Overall,Overall,Asian/Pacific Islander,2.5,0.3,1.56,0.27
Entire Network,FluSurv-NET,2017-18,2017,49,Overall,Overall,American Indian/Alaska Native,7.4,2.5,5.63,2.13
Entire Network,FluSurv-NET,2017-18,2017,49,Overall,Overall,Overall,5.1,1.4,3.44,0.91
Entire Network,FluSurv-NET,2017-18,2017,50,Overall,Male,Overall,6.8,2.2,null,null
Entire Network,FluSurv-NET,2017-18,2017,50,Overall,Female,Overall,8,2.5,null,null
Entire Network,FluSurv-NET,2017-18,2017,50,Overall,Overall,Hispanic/Latino,5.1,1.5,5.3,1.6
Entire Network,FluSurv-NET,2017-18,2017,50,Overall,Overall,Asian/Pacific Islander,4.1,1.6,2.6,1.05
Entire Network,FluSurv-NET,2017-18,2017,50,Overall,Overall,American Indian/Alaska Native,10.8,3.4,8.74,3.12
Entire Network,FluSurv-NET,2017-18,2017,50,Overall,Overall,Overall,7.4,2.3,4.98,1.53
Entire Network,FluSurv-NET,2017-18,2017,50,Overall,Overall,White,7.1,2.3,4.71,1.47
Entire Network,FluSurv-NET,2017-18,2017,50,Overall,Overall,Black,6.9,1.9,6.3,1.76
Entire Network,FluSurv-NET,2017-18,2017,51,Overall,Female,Overall,13,5,null,null
Entire Network,FluSurv-NET,2017-18,2017,51,Overall,Male,Overall,11.1,4.3,null,null
Entire Network,FluSurv-NET,2017-18,2017,51,Overall,Overall,White,12,4.9,7.59,2.89
Entire Network,FluSurv-NET,2017-18,2017,51,Overall,Overall,Black,11.6,4.7,10.47,4.17
Entire Network,FluSurv-NET,2017-18,2017,51,Overall,Overall,Hispanic/Latino,7.8,2.8,8.06,2.76
Entire Network,FluSurv-NET,2017-18,2017,51,Overall,Overall,Asian/Pacific Islander,6.7,2.7,4.31,1.71
Entire Network,FluSurv-NET,2017-18,2017,51,Overall,Overall,American Indian/Alaska Native,16.2,5.4,13.81,5.07
Entire Network,FluSurv-NET,2017-18,2017,51,Overall,Overall,Overall,12,4.6,8.05,3.08
Entire Network,FluSurv-NET,2017-18,2017,52,Overall,Overall,White,20.9,8.9,12.6,5.01
Entire Network,FluSurv-NET,2017-18,2017,52,Overall,Overall,Black,18.9,7.3,16.33,5.86
Entire Network,FluSurv-NET,2017-18,2017,52,Overall,Overall,Hispanic/Latino,12.4,4.5,12.49,4.43
Entire Network,FluSurv-NET,2017-18,2017,52,Overall,Overall,Asian/Pacific Islander,14.3,7.6,8.57,4.26
Entire Network,FluSurv-NET,2017-18,2017,52,Overall,Overall,American Indian/Alaska Native,23,6.9,17.7,3.88
Entire Network,FluSurv-NET,2017-18,2017,52,Overall,Overall,Overall,20.2,8.2,13.21,5.15
Entire Network,FluSurv-NET,2017-18,2017,52,Overall,Female,Overall,21.6,8.6,null,null
Entire Network,FluSurv-NET,2017-18,2017,52,Overall,Male,Overall,18.8,7.7,null,null
Entire Network,FluSurv-NET,2017-18,2018,1,Overall,Male,Overall,28.6,9.8,null,null
Entire Network,FluSurv-NET,2017-18,2018,1,Overall,Female,Overall,32.3,10.7,null,null
Entire Network,FluSurv-NET,2017-18,2018,1,Overall,Overall,White,31.8,10.9,18.69,6.09
Entire Network,FluSurv-NET,2017-18,2018,1,Overall,Overall,Black,29.2,10.3,24.62,8.3
Entire Network,FluSurv-NET,2017-18,2018,1,Overall,Overall,Hispanic/Latino,18.5,6.1,18.58,6.09
Entire Network,FluSurv-NET,2017-18,2018,1,Overall,Overall,Asian/Pacific Islander,21.7,7.4,13.02,4.44
Entire Network,FluSurv-NET,2017-18,2018,1,Overall,Overall,American Indian/Alaska Native,29.6,6.5,23.03,5.33
Entire Network,FluSurv-NET,2017-18,2018,1,Overall,Overall,Overall,30.5,10.2,19.62,6.41
Entire Network,FluSurv-NET,2017-18,2018,2,Overall,Female,Overall,42.6,10.3,null,null
Entire Network,FluSurv-NET,2017-18,2018,2,Overall,Male,Overall,37.9,9.3,null,null
Entire Network,FluSurv-NET,2017-18,2018,2,Overall,Overall,White,41.6,9.8,24.52,5.83
Entire Network,FluSurv-NET,2017-18,2018,2,Overall,Overall,Black,42.5,13.3,35.19,10.57
Entire Network,FluSurv-NET,2017-18,2018,2,Overall,Overall,Hispanic/Latino,23.7,5.2,23.47,4.88
Entire Network,FluSurv-NET,2017-18,2018,2,Overall,Overall,Asian/Pacific Islander,28.4,6.8,17.11,4.1
Entire Network,FluSurv-NET,2017-18,2018,2,Overall,Overall,American Indian/Alaska Native,37.4,7.9,29.43,6.4
Entire Network,FluSurv-NET,2017-18,2018,2,Overall,Overall,Overall,40.3,9.8,26.07,6.46
Entire Network,FluSurv-NET,2017-18,2018,3,Overall,Overall,White,50.7,9.1,30.05,5.53
Entire Network,FluSurv-NET,2017-18,2018,3,Overall,Overall,Black,53.2,10.6,44.12,8.92
Entire Network,FluSurv-NET,2017-18,2018,3,Overall,Overall,Hispanic/Latino,28,4.3,27.87,4.41
Entire Network,FluSurv-NET,2017-18,2018,3,Overall,Overall,Asian/Pacific Islander,34.6,6.1,20.7,3.59
Entire Network,FluSurv-NET,2017-18,2018,3,Overall,Overall,American Indian/Alaska Native,40.9,3.4,33.01,3.58
Entire Network,FluSurv-NET,2017-18,2018,3,Overall,Overall,Overall,49.2,8.9,31.93,5.86
Entire Network,FluSurv-NET,2017-18,2018,3,Overall,Male,Overall,46.1,8.2,null,null
Entire Network,FluSurv-NET,2017-18,2018,3,Overall,Female,Overall,52.1,9.5,null,null
Entire Network,FluSurv-NET,2017-18,2018,4,Overall,Male,Overall,54.2,8.1,null,null
Entire Network,FluSurv-NET,2017-18,2018,4,Overall,Female,Overall,61.1,9,null,null
Entire Network,FluSurv-NET,2017-18,2018,4,Overall,Overall,White,59.2,8.6,35.63,5.58
Entire Network,FluSurv-NET,2017-18,2018,4,Overall,Overall,Black,64.4,11.3,54.28,10.16
Entire Network,FluSurv-NET,2017-18,2018,4,Overall,Overall,Hispanic/Latino,32.6,4.6,32.45,4.58
Entire Network,FluSurv-NET,2017-18,2018,4,Overall,Overall,Asian/Pacific Islander,38.4,3.8,23.31,2.61
Entire Network,FluSurv-NET,2017-18,2018,4,Overall,Overall,American Indian/Alaska Native,44.8,3.9,35.51,2.5
Entire Network,FluSurv-NET,2017-18,2018,4,Overall,Overall,Overall,57.7,8.5,37.93,6
Entire Network,FluSurv-NET,2017-18,2018,5,Overall,Overall,White,66.7,7.4,40.6,4.97
Entire Network,FluSurv-NET,2017-18,2018,5,Overall,Overall,Black,75.4,11,63.73,9.45
Entire Network,FluSurv-NET,2017-18,2018,5,Overall,Overall,Hispanic/Latino,37,4.4,36.8,4.35
Entire Network,FluSurv-NET,2017-18,2018,5,Overall,Overall,Asian/Pacific Islander,41.6,3.2,25.54,2.23
Entire Network,FluSurv-NET,2017-18,2018,5,Overall,Overall,American Indian/Alaska Native,48.3,3.4,38.69,3.18
Entire Network,FluSurv-NET,2017-18,2018,5,Overall,Overall,Overall,65.5,7.8,43.44,5.51
Entire Network,FluSurv-NET,2017-18,2018,5,Overall,Male,Overall,61.4,7.3,null,null
Entire Network,FluSurv-NET,2017-18,2018,5,Overall,Female,Overall,69.4,8.3,null,null
Entire Network,FluSurv-NET,2017-18,2018,6,Overall,Male,Overall,68,6.6,null,null
Entire Network,FluSurv-NET,2017-18,2018,6,Overall,Female,Overall,76.8,7.4,null,null
Entire Network,FluSurv-NET,2017-18,2018,6,Overall,Overall,White,73.5,6.8,45.23,4.63
Entire Network,FluSurv-NET,2017-18,2018,6,Overall,Overall,Black,86.5,11.1,73.57,9.85
Entire Network,FluSurv-NET,2017-18,2018,6,Overall,Overall,Hispanic/Latino,40.2,3.1,39.62,2.82
Entire Network,FluSurv-NET,2017-18,2018,6,Overall,Overall,Asian/Pacific Islander,45.3,3.7,28.35,2.81
Entire Network,FluSurv-NET,2017-18,2018,6,Overall,Overall,American Indian/Alaska Native,53.7,5.4,44.08,5.39
Entire Network,FluSurv-NET,2017-18,2018,6,Overall,Overall,Overall,72.5,7,48.62,5.18
Entire Network,FluSurv-NET,2017-18,2018,7,Overall,Male,Overall,73.7,5.7,null,null
Entire Network,FluSurv-NET,2017-18,2018,7,Overall,Overall,White,79.6,6.1,49.47,4.24
Entire Network,FluSurv-NET,2017-18,2018,7,Overall,Overall,Black,95.5,9,82.08,8.51
Entire Network,FluSurv-NET,2017-18,2018,7,Overall,Overall,Hispanic/Latino,43.6,3.4,42.91,3.29
Entire Network,FluSurv-NET,2017-18,2018,7,Overall,Overall,Asian/Pacific Islander,47.2,1.9,30.03,1.68
Entire Network,FluSurv-NET,2017-18,2018,7,Overall,Overall,American Indian/Alaska Native,60,6.4,49.46,5.37
Entire Network,FluSurv-NET,2017-18,2018,7,Overall,Overall,Overall,78.8,6.3,53.28,4.66
Entire Network,FluSurv-NET,2017-18,2018,7,Overall,Female,Overall,83.7,6.9,null,null
Entire Network,FluSurv-NET,2017-18,2018,8,Overall,Female,Overall,89.2,5.5,null,null
Entire Network,FluSurv-NET,2017-18,2018,8,Overall,Male,Overall,78.6,4.9,null,null
Entire Network,FluSurv-NET,2017-18,2018,8,Overall,Overall,White,85,5.4,53.04,3.57
Entire Network,FluSurv-NET,2017-18,2018,8,Overall,Overall,Black,102.4,6.9,88.45,6.36
Entire Network,FluSurv-NET,2017-18,2018,8,Overall,Overall,Hispanic/Latino,45.9,2.4,45.34,2.43
Entire Network,FluSurv-NET,2017-18,2018,8,Overall,Overall,Asian/Pacific Islander,49.5,2.3,31.69,1.66
Entire Network,FluSurv-NET,2017-18,2018,8,Overall,Overall,American Indian/Alaska Native,62,2,51.72,2.26
Entire Network,FluSurv-NET,2017-18,2018,8,Overall,Overall,Overall,84,5.2,57.07,3.79
Entire Network,FluSurv-NET,2017-18,2018,9,Overall,Overall,Black,106.4,4,92.44,3.99
Entire Network,FluSurv-NET,2017-18,2018,9,Overall,Overall,Hispanic/Latino,48,2,47.42,2.08
Entire Network,FluSurv-NET,2017-18,2018,9,Overall,Overall,Asian/Pacific Islander,51.7,2.3,33.15,1.46
Entire Network,FluSurv-NET,2017-18,2018,9,Overall,Overall,American Indian/Alaska Native,63,1,52.63,0.91
Entire Network,FluSurv-NET,2017-18,2018,9,Overall,Overall,Overall,87.5,3.6,59.6,2.53
Entire Network,FluSurv-NET,2017-18,2018,9,Overall,Male,Overall,81.9,3.3,null,null
Entire Network,FluSurv-NET,2017-18,2018,9,Overall,Female,Overall,93,3.8,null,null
Entire Network,FluSurv-NET,2017-18,2018,9,Overall,Overall,White,88.5,3.5,55.38,2.34
Entire Network,FluSurv-NET,2017-18,2018,10,Overall,Male,Overall,84.6,2.7,null,null
Entire Network,FluSurv-NET,2017-18,2018,10,Overall,Female,Overall,95.8,2.8,null,null
Entire Network,FluSurv-NET,2017-18,2018,10,Overall,Overall,White,91.5,2.9,57.27,1.89
Entire Network,FluSurv-NET,2017-18,2018,10,Overall,Overall,Black,109.2,2.8,95.26,2.82
Entire Network,FluSurv-NET,2017-18,2018,10,Overall,Overall,Hispanic/Latino,49.2,1.2,48.6,1.18
Entire Network,FluSurv-NET,2017-18,2018,10,Overall,Overall,Asian/Pacific Islander,54.1,2.4,34.41,1.26
Entire Network,FluSurv-NET,2017-18,2018,10,Overall,Overall,American Indian/Alaska Native,65,2,54.08,1.45
Entire Network,FluSurv-NET,2017-18,2018,10,Overall,Overall,Overall,90.3,2.8,61.54,1.93
Entire Network,FluSurv-NET,2017-18,2018,11,Overall,Male,Overall,87.1,2.5,null,null
Entire Network,FluSurv-NET,2017-18,2018,11,Overall,Female,Overall,98.9,3,null,null
Entire Network,FluSurv-NET,2017-18,2018,11,Overall,Overall,White,94.6,3.1,59.28,2.01
Entire Network,FluSurv-NET,2017-18,2018,11,Overall,Overall,Black,112,2.8,98,2.73
Entire Network,FluSurv-NET,2017-18,2018,11,Overall,Overall,Hispanic/Latino,50.5,1.3,49.83,1.23
Entire Network,FluSurv-NET,2017-18,2018,11,Overall,Overall,Asian/Pacific Islander,55.9,1.8,35.33,0.92
Entire Network,FluSurv-NET,2017-18,2018,11,Overall,Overall,American Indian/Alaska Native,66.5,1.5,55.89,1.81
Entire Network,FluSurv-NET,2017-18,2018,11,Overall,Overall,Overall,93.1,2.8,63.53,1.99
Entire Network,FluSurv-NET,2017-18,2018,12,Overall,Female,Overall,101.3,2.4,null,null
Entire Network,FluSurv-NET,2017-18,2018,12,Overall,Male,Overall,89.2,2.1,null,null
Entire Network,FluSurv-NET,2017-18,2018,12,Overall,Overall,White,97,2.3,60.91,1.63
Entire Network,FluSurv-NET,2017-18,2018,12,Overall,Overall,Black,114.7,2.7,100.45,2.46
Entire Network,FluSurv-NET,2017-18,2018,12,Overall,Overall,Hispanic/Latino,51.9,1.4,51.28,1.46
Entire Network,FluSurv-NET,2017-18,2018,12,Overall,Overall,Asian/Pacific Islander,57.2,1.3,36,0.67
Entire Network,FluSurv-NET,2017-18,2018,12,Overall,Overall,American Indian/Alaska Native,68,1.5,57.01,1.13
Entire Network,FluSurv-NET,2017-18,2018,12,Overall,Overall,Overall,95.4,2.3,65.22,1.69
Entire Network,FluSurv-NET,2017-18,2018,13,Overall,Overall,White,99.5,2.6,62.53,1.62
Entire Network,FluSurv-NET,2017-18,2018,13,Overall,Overall,Black,117.4,2.8,103.13,2.67
Entire Network,FluSurv-NET,2017-18,2018,13,Overall,Overall,Hispanic/Latino,52.8,0.9,52.35,1.07
Entire Network,FluSurv-NET,2017-18,2018,13,Overall,Overall,Asian/Pacific Islander,58.4,1.2,36.68,0.68
Entire Network,FluSurv-NET,2017-18,2018,13,Overall,Overall,American Indian/Alaska Native,68,0,57.01,0
Entire Network,FluSurv-NET,2017-18,2018,13,Overall,Overall,Overall,97.6,2.2,66.87,1.66
Entire Network,FluSurv-NET,2017-18,2018,13,Overall,Male,Overall,91.2,2,null,null
Entire Network,FluSurv-NET,2017-18,2018,13,Overall,Female,Overall,103.8,2.5,null,null
Entire Network,FluSurv-NET,2017-18,2018,14,Overall,Female,Overall,105.8,2.1,null,null
Entire Network,FluSurv-NET,2017-18,2018,14,Overall,Male,Overall,92.9,1.7,null,null
Entire Network,FluSurv-NET,2017-18,2018,14,Overall,Overall,White,101.4,1.9,63.81,1.28
Entire Network,FluSurv-NET,2017-18,2018,14,Overall,Overall,Black,119.8,2.3,105.59,2.46
Entire Network,FluSurv-NET,2017-18,2018,14,Overall,Overall,Hispanic/Latino,53.8,1,53.72,1.37
Entire Network,FluSurv-NET,2017-18,2018,14,Overall,Overall,Asian/Pacific Islander,59.5,1.1,37.36,0.68
Entire Network,FluSurv-NET,2017-18,2018,14,Overall,Overall,American Indian/Alaska Native,68.5,0.5,57.46,0.44
Entire Network,FluSurv-NET,2017-18,2018,14,Overall,Overall,Overall,99.5,1.9,68.28,1.41
Entire Network,FluSurv-NET,2017-18,2018,15,Overall,Male,Overall,94.2,1.3,null,null
Entire Network,FluSurv-NET,2017-18,2018,15,Overall,Female,Overall,107.3,1.4,null,null
Entire Network,FluSurv-NET,2017-18,2018,15,Overall,Overall,White,103,1.6,64.78,0.97
Entire Network,FluSurv-NET,2017-18,2018,15,Overall,Overall,Black,121.5,1.7,107.35,1.76
Entire Network,FluSurv-NET,2017-18,2018,15,Overall,Overall,Hispanic/Latino,54.4,0.5,54.34,0.61
Entire Network,FluSurv-NET,2017-18,2018,15,Overall,Overall,Asian/Pacific Islander,60,0.5,37.78,0.42
Entire Network,FluSurv-NET,2017-18,2018,15,Overall,Overall,American Indian/Alaska Native,68.5,0,57.46,0
Entire Network,FluSurv-NET,2017-18,2018,15,Overall,Overall,Overall,100.8,1.3,69.3,1.02
Entire Network,FluSurv-NET,2017-18,2018,16,Overall,Male,Overall,95.1,0.9,null,null
Entire Network,FluSurv-NET,2017-18,2018,16,Overall,Female,Overall,108.4,1.1,null,null
Entire Network,FluSurv-NET,2017-18,2018,16,Overall,Overall,White,104.1,1.1,65.52,0.74
Entire Network,FluSurv-NET,2017-18,2018,16,Overall,Overall,Black,122.6,1.1,108.53,1.18
Entire Network,FluSurv-NET,2017-18,2018,16,Overall,Overall,Hispanic/Latino,54.9,0.5,55.01,0.67
Entire Network,FluSurv-NET,2017-18,2018,16,Overall,Overall,Asian/Pacific Islander,60.4,0.4,38.15,0.36
Entire Network,FluSurv-NET,2017-18,2018,16,Overall,Overall,American Indian/Alaska Native,68.5,0,57.46,0
Entire Network,FluSurv-NET,2017-18,2018,16,Overall,Overall,Overall,101.9,1,70.08,0.78
Entire Network,FluSurv-NET,2017-18,2018,17,Overall,Female,Overall,109.5,1.1,null,null
Entire Network,FluSurv-NET,2017-18,2018,17,Overall,Overall,White,105.2,1.2,66.14,0.62
Entire Network,FluSurv-NET,2017-18,2018,17,Overall,Overall,Black,123.7,1.1,109.4,0.87
Entire Network,FluSurv-NET,2017-18,2018,17,Overall,Overall,Hispanic/Latino,55.6,0.6,55.49,0.49
Entire Network,FluSurv-NET,2017-18,2018,17,Overall,Overall,Asian/Pacific Islander,60.5,0.1,38.26,0.12
Entire Network,FluSurv-NET,2017-18,2018,17,Overall,Overall,American Indian/Alaska Native,69.5,1,57.92,0.46
Entire Network,FluSurv-NET,2017-18,2018,17,Overall,Overall,Overall,102.9,1,70.71,0.63
Entire Network,FluSurv-NET,2017-18,2018,17,Overall,Male,Overall,96,0.9,null,null
Entire Network,FluSurv-NET,2017-18,2017,40,0-4 yr,Overall,Overall,0.1,0.1,null,null
Entire Network,FluSurv-NET,2017-18,2017,41,0-4 yr,Overall,Overall,0.2,0.1,null,null
Entire Network,FluSurv-NET,2017-18,2017,42,0-4 yr,Overall,Overall,0.3,0.1,null,null
Entire Network,FluSurv-NET,2017-18,2017,43,0-4 yr,Overall,Overall,0.4,0.1,null,null
Entire Network,FluSurv-NET,2017-18,2017,44,0-4 yr,Overall,Overall,0.7,0.3,null,null
Entire Network,FluSurv-NET,2017-18,2017,45,0-4 yr,Overall,Overall,0.9,0.2,null,null
Entire Network,FluSurv-NET,2017-18,2017,46,0-4 yr,Overall,Overall,1.2,0.4,null,null
Entire Network,FluSurv-NET,2017-18,2017,47,0-4 yr,Overall,Overall,2,0.7,null,null
Entire Network,FluSurv-NET,2017-18,2017,48,0-4 yr,Overall,Overall,2.9,0.9,null,null
Entire Network,FluSurv-NET,2017-18,2017,49,0-4 yr,Overall,Overall,3.7,0.9,null,null
Entire Network,FluSurv-NET,2017-18,2017,50,0-4 yr,Overall,Overall,5.6,1.8,null,null
Entire Network,FluSurv-NET,2017-18,2017,51,0-4 yr,Overall,Overall,8.2,2.7,null,null
Entire Network,FluSurv-NET,2017-18,2017,52,0-4 yr,Overall,Overall,13.6,5.3,null,null
Entire Network,FluSurv-NET,2017-18,2018,1,0-4 yr,Overall,Overall,17.8,4.2,null,null
Entire Network,FluSurv-NET,2017-18,2018,2,0-4 yr,Overall,Overall,22.7,5,null,null
Entire Network,FluSurv-NET,2017-18,2018,3,0-4 yr,Overall,Overall,27.4,4.7,null,null
Entire Network,FluSurv-NET,2017-18,2018,4,0-4 yr,Overall,Overall,34.7,7.3,null,null
Entire Network,FluSurv-NET,2017-18,2018,5,0-4 yr,Overall,Overall,41.5,6.8,null,null
Entire Network,FluSurv-NET,2017-18,2018,6,0-4 yr,Overall,Overall,48,6.5,null,null
Entire Network,FluSurv-NET,2017-18,2018,7,0-4 yr,Overall,Overall,53.4,5.4,null,null
Entire Network,FluSurv-NET,2017-18,2018,8,0-4 yr,Overall,Overall,57.6,4.3,null,null
Entire Network,FluSurv-NET,2017-18,2018,9,0-4 yr,Overall,Overall,60,2.4,null,null
Entire Network,FluSurv-NET,2017-18,2018,10,0-4 yr,Overall,Overall,62.1,2,null,null
Entire Network,FluSurv-NET,2017-18,2018,11,0-4 yr,Overall,Overall,63.9,1.9,null,null
Entire Network,FluSurv-NET,2017-18,2018,12,0-4 yr,Overall,Overall,66.2,2.3,null,null
Entire Network,FluSurv-NET,2017-18,2018,13,0-4 yr,Overall,Overall,67.4,1.2,null,null
Entire Network,FluSurv-NET,2017-18,2018,14,0-4 yr,Overall,Overall,68.3,0.9,null,null
Entire Network,FluSurv-NET,2017-18,2018,15,0-4 yr,Overall,Overall,69.2,0.9,null,null
Entire Network,FluSurv-NET,2017-18,2018,16,0-4 yr,Overall,Overall,69.8,0.6,null,null
Entire Network,FluSurv-NET,2017-18,2018,17,0-4 yr,Overall,Overall,71,1.1,null,null
Entire Network,FluSurv-NET,2017-18,2017,40,5-17 yr,Overall,Overall,0,0,null,null
Entire Network,FluSurv-NET,2017-18,2017,41,5-17 yr,Overall,Overall,0.1,0,null,null
Entire Network,FluSurv-NET,2017-18,2017,42,5-17 yr,Overall,Overall,0.1,0,null,null
Entire Network,FluSurv-NET,2017-18,2017,43,5-17 yr,Overall,Overall,0.1,0,null,null
Entire Network,FluSurv-NET,2017-18,2017,44,5-17 yr,Overall,Overall,0.3,0.1,null,null
Entire Network,FluSurv-NET,2017-18,2017,45,5-17 yr,Overall,Overall,0.4,0.1,null,null
Entire Network,FluSurv-NET,2017-18,2017,46,5-17 yr,Overall,Overall,0.6,0.2,null,null
Entire Network,FluSurv-NET,2017-18,2017,47,5-17 yr,Overall,Overall,0.8,0.2,null,null
Entire Network,FluSurv-NET,2017-18,2017,48,5-17 yr,Overall,Overall,1,0.2,null,null
Entire Network,FluSurv-NET,2017-18,2017,49,5-17 yr,Overall,Overall,1.3,0.3,null,null
Entire Network,FluSurv-NET,2017-18,2017,50,5-17 yr,Overall,Overall,1.8,0.6,null,null
Entire Network,FluSurv-NET,2017-18,2017,51,5-17 yr,Overall,Overall,2.5,0.6,null,null
Entire Network,FluSurv-NET,2017-18,2017,52,5-17 yr,Overall,Overall,3.4,0.9,null,null
Entire Network,FluSurv-NET,2017-18,2018,1,5-17 yr,Overall,Overall,4.2,0.8,null,null
Entire Network,FluSurv-NET,2017-18,2018,2,5-17 yr,Overall,Overall,5.6,1.3,null,null
Entire Network,FluSurv-NET,2017-18,2018,3,5-17 yr,Overall,Overall,6.8,1.3,null,null
Entire Network,FluSurv-NET,2017-18,2018,4,5-17 yr,Overall,Overall,8.2,1.4,null,null
Entire Network,FluSurv-NET,2017-18,2018,5,5-17 yr,Overall,Overall,10.3,2.1,null,null
Entire Network,FluSurv-NET,2017-18,2018,6,5-17 yr,Overall,Overall,12.2,1.9,null,null
Entire Network,FluSurv-NET,2017-18,2018,7,5-17 yr,Overall,Overall,13.9,1.7,null,null
Entire Network,FluSurv-NET,2017-18,2018,8,5-17 yr,Overall,Overall,15.5,1.6,null,null
Entire Network,FluSurv-NET,2017-18,2018,9,5-17 yr,Overall,Overall,16.3,0.8,null,null
Entire Network,FluSurv-NET,2017-18,2018,10,5-17 yr,Overall,Overall,17,0.7,null,null
Entire Network,FluSurv-NET,2017-18,2018,11,5-17 yr,Overall,Overall,17.6,0.5,null,null
Entire Network,FluSurv-NET,2017-18,2018,12,5-17 yr,Overall,Overall,18.2,0.6,null,null
Entire Network,FluSurv-NET,2017-18,2018,13,5-17 yr,Overall,Overall,18.7,0.5,null,null
Entire Network,FluSurv-NET,2017-18,2018,14,5-17 yr,Overall,Overall,18.9,0.2,null,null
Entire Network,FluSurv-NET,2017-18,2018,15,5-17 yr,Overall,Overall,19,0.1,null,null
Entire Network,FluSurv-NET,2017-18,2018,16,5-17 yr,Overall,Overall,19.2,0.2,null,null
Entire Network,FluSurv-NET,2017-18,2018,17,5-17 yr,Overall,Overall,19.5,0.3,null,null
Entire Network,FluSurv-NET,2017-18,2017,40,18-49 yr,Overall,Overall,0.1,0.1,null,null
Entire Network,FluSurv-NET,2017-18,2017,41,18-49 yr,Overall,Overall,0.1,0,null,null
Entire Network,FluSurv-NET,2017-18,2017,42,18-49 yr,Overall,Overall,0.2,0.1,null,null
Entire Network,FluSurv-NET,2017-18,2017,43,18-49 yr,Overall,Overall,0.2,0,null,null
Entire Network,FluSurv-NET,2017-18,2017,44,18-49 yr,Overall,Overall,0.4,0.1,null,null
Entire Network,FluSurv-NET,2017-18,2017,45,18-49 yr,Overall,Overall,0.5,0.1,null,null
Entire Network,FluSurv-NET,2017-18,2017,46,18-49 yr,Overall,Overall,0.7,0.2,null,null
Entire Network,FluSurv-NET,2017-18,2017,47,18-49 yr,Overall,Overall,0.9,0.3,null,null
Entire Network,FluSurv-NET,2017-18,2017,48,18-49 yr,Overall,Overall,1.4,0.4,null,null
Entire Network,FluSurv-NET,2017-18,2017,49,18-49 yr,Overall,Overall,1.9,0.5,null,null
Entire Network,FluSurv-NET,2017-18,2017,50,18-49 yr,Overall,Overall,2.6,0.7,null,null
Entire Network,FluSurv-NET,2017-18,2017,51,18-49 yr,Overall,Overall,4,1.4,null,null
Entire Network,FluSurv-NET,2017-18,2017,52,18-49 yr,Overall,Overall,6.1,2.1,null,null
Entire Network,FluSurv-NET,2017-18,2018,1,18-49 yr,Overall,Overall,8.5,2.5,null,null
Entire Network,FluSurv-NET,2017-18,2018,2,18-49 yr,Overall,Overall,11.5,3,null,null
Entire Network,FluSurv-NET,2017-18,2018,3,18-49 yr,Overall,Overall,14.1,2.6,null,null
Entire Network,FluSurv-NET,2017-18,2018,4,18-49 yr,Overall,Overall,16.7,2.6,null,null
Entire Network,FluSurv-NET,2017-18,2018,5,18-49 yr,Overall,Overall,19.1,2.3,null,null
Entire Network,FluSurv-NET,2017-18,2018,6,18-49 yr,Overall,Overall,21.5,2.4,null,null
Entire Network,FluSurv-NET,2017-18,2018,7,18-49 yr,Overall,Overall,23.2,1.8,null,null
Entire Network,FluSurv-NET,2017-18,2018,8,18-49 yr,Overall,Overall,24.6,1.4,null,null
Entire Network,FluSurv-NET,2017-18,2018,9,18-49 yr,Overall,Overall,25.6,1,null,null
Entire Network,FluSurv-NET,2017-18,2018,10,18-49 yr,Overall,Overall,26.4,0.8,null,null
Entire Network,FluSurv-NET,2017-18,2018,11,18-49 yr,Overall,Overall,27.1,0.7,null,null
Entire Network,FluSurv-NET,2017-18,2018,12,18-49 yr,Overall,Overall,27.8,0.7,null,null
Entire Network,FluSurv-NET,2017-18,2018,13,18-49 yr,Overall,Overall,28.5,0.7,null,null
Entire Network,FluSurv-NET,2017-18,2018,14,18-49 yr,Overall,Overall,29.1,0.6,null,null
Entire Network,FluSurv-NET,2017-18,2018,15,18-49 yr,Overall,Overall,29.4,0.3,null,null
Entire Network,FluSurv-NET,2017-18,2018,16,18-49 yr,Overall,Overall,29.7,0.3,null,null
Entire Network,FluSurv-NET,2017-18,2018,17,18-49 yr,Overall,Overall,30,0.3,null,null
Entire Network,FluSurv-NET,2017-18,2017,40,50-64 yr,Overall,Overall,0.1,0.1,null,null
Entire Network,FluSurv-NET,2017-18,2017,41,50-64 yr,Overall,Overall,0.3,0.1,null,null
Entire Network,FluSurv-NET,2017-18,2017,42,50-64 yr,Overall,Overall,0.5,0.2,null,null
Entire Network,FluSurv-NET,2017-18,2017,43,50-64 yr,Overall,Overall,0.8,0.3,null,null
Entire Network,FluSurv-NET,2017-18,2017,44,50-64 yr,Overall,Overall,1.1,0.3,null,null
Entire Network,FluSurv-NET,2017-18,2017,45,50-64 yr,Overall,Overall,1.6,0.5,null,null
Entire Network,FluSurv-NET,2017-18,2017,46,50-64 yr,Overall,Overall,2.1,0.5,null,null
Entire Network,FluSurv-NET,2017-18,2017,47,50-64 yr,Overall,Overall,2.9,0.9,null,null
Entire Network,FluSurv-NET,2017-18,2017,48,50-64 yr,Overall,Overall,4,1,null,null
Entire Network,FluSurv-NET,2017-18,2017,49,50-64 yr,Overall,Overall,5.3,1.3,null,null
Entire Network,FluSurv-NET,2017-18,2017,50,50-64 yr,Overall,Overall,8,2.7,null,null
Entire Network,FluSurv-NET,2017-18,2017,51,50-64 yr,Overall,Overall,13.7,5.7,null,null
Entire Network,FluSurv-NET,2017-18,2017,52,50-64 yr,Overall,Overall,21.8,8.1,null,null
Entire Network,FluSurv-NET,2017-18,2018,1,50-64 yr,Overall,Overall,33.1,11.3,null,null
Entire Network,FluSurv-NET,2017-18,2018,2,50-64 yr,Overall,Overall,43.7,10.6,null,null
Entire Network,FluSurv-NET,2017-18,2018,3,50-64 yr,Overall,Overall,53,9.3,null,null
Entire Network,FluSurv-NET,2017-18,2018,4,50-64 yr,Overall,Overall,61.9,8.9,null,null
Entire Network,FluSurv-NET,2017-18,2018,5,50-64 yr,Overall,Overall,70.3,8.4,null,null
Entire Network,FluSurv-NET,2017-18,2018,6,50-64 yr,Overall,Overall,78.9,8.6,null,null
Entire Network,FluSurv-NET,2017-18,2018,7,50-64 yr,Overall,Overall,86.2,7.3,null,null
Entire Network,FluSurv-NET,2017-18,2018,8,50-64 yr,Overall,Overall,91.8,5.6,null,null
Entire Network,FluSurv-NET,2017-18,2018,9,50-64 yr,Overall,Overall,95.9,4.1,null,null
Entire Network,FluSurv-NET,2017-18,2018,10,50-64 yr,Overall,Overall,98.9,3,null,null
Entire Network,FluSurv-NET,2017-18,2018,11,50-64 yr,Overall,Overall,101.8,2.9,null,null
Entire Network,FluSurv-NET,2017-18,2018,12,50-64 yr,Overall,Overall,104.3,2.5,null,null
Entire Network,FluSurv-NET,2017-18,2018,13,50-64 yr,Overall,Overall,106.7,2.4,null,null
Entire Network,FluSurv-NET,2017-18,2018,14,50-64 yr,Overall,Overall,109.1,2.3,null,null
Entire Network,FluSurv-NET,2017-18,2018,15,50-64 yr,Overall,Overall,110.8,1.7,null,null
Entire Network,FluSurv-NET,2017-18,2018,16,50-64 yr,Overall,Overall,111.9,1.2,null,null
Entire Network,FluSurv-NET,2017-18,2018,17,50-64 yr,Overall,Overall,112.8,0.9,null,null
Entire Network,FluSurv-NET,2017-18,2017,40,>= 65 yr,Overall,Overall,0.4,0.4,null,null
Entire Network,FluSurv-NET,2017-18,2017,41,>= 65 yr,Overall,Overall,0.9,0.5,null,null
Entire Network,FluSurv-NET,2017-18,2017,42,>= 65 yr,Overall,Overall,2,1.1,null,null
Entire Network,FluSurv-NET,2017-18,2017,43,>= 65 yr,Overall,Overall,2.8,0.9,null,null
Entire Network,FluSurv-NET,2017-18,2017,44,>= 65 yr,Overall,Overall,3.7,0.9,null,null
Entire Network,FluSurv-NET,2017-18,2017,45,>= 65 yr,Overall,Overall,4.9,1.2,null,null
Entire Network,FluSurv-NET,2017-18,2017,46,>= 65 yr,Overall,Overall,6.5,1.6,null,null
Entire Network,FluSurv-NET,2017-18,2017,47,>= 65 yr,Overall,Overall,9.4,2.8,null,null
Entire Network,FluSurv-NET,2017-18,2017,48,>= 65 yr,Overall,Overall,14.3,4.9,null,null
Entire Network,FluSurv-NET,2017-18,2017,49,>= 65 yr,Overall,Overall,20,5.7,null,null
Entire Network,FluSurv-NET,2017-18,2017,50,>= 65 yr,Overall,Overall,29.4,9.3,null,null
Entire Network,FluSurv-NET,2017-18,2017,51,>= 65 yr,Overall,Overall,48.7,19.4,null,null
Entire Network,FluSurv-NET,2017-18,2017,52,>= 65 yr,Overall,Overall,86.8,38.1,null,null
Entire Network,FluSurv-NET,2017-18,2018,1,>= 65 yr,Overall,Overall,134.6,47.8,null,null
Entire Network,FluSurv-NET,2017-18,2018,2,>= 65 yr,Overall,Overall,177.4,42.8,null,null
Entire Network,FluSurv-NET,2017-18,2018,3,>= 65 yr,Overall,Overall,216.7,39.3,null,null
Entire Network,FluSurv-NET,2017-18,2018,4,>= 65 yr,Overall,Overall,253,36.3,null,null
Entire Network,FluSurv-NET,2017-18,2018,5,>= 65 yr,Overall,Overall,284.6,31.6,null,null
Entire Network,FluSurv-NET,2017-18,2018,6,>= 65 yr,Overall,Overall,310.7,26.1,null,null
Entire Network,FluSurv-NET,2017-18,2018,7,>= 65 yr,Overall,Overall,336,25.3,null,null
Entire Network,FluSurv-NET,2017-18,2018,8,>= 65 yr,Overall,Overall,357.7,21.7,null,null
Entire Network,FluSurv-NET,2017-18,2018,9,>= 65 yr,Overall,Overall,372.6,14.9,null,null
Entire Network,FluSurv-NET,2017-18,2018,10,>= 65 yr,Overall,Overall,384.4,11.8,null,null
Entire Network,FluSurv-NET,2017-18,2018,11,>= 65 yr,Overall,Overall,396.8,12.4,null,null
Entire Network,FluSurv-NET,2017-18,2018,12,>= 65 yr,Overall,Overall,405.7,8.9,null,null
Entire Network,FluSurv-NET,2017-18,2018,13,>= 65 yr,Overall,Overall,415.2,9.5,null,null
Entire Network,FluSurv-NET,2017-18,2018,14,>= 65 yr,Overall,Overall,423.1,7.9,null,null
Entire Network,FluSurv-NET,2017-18,2018,15,>= 65 yr,Overall,Overall,428.9,5.8,null,null
Entire Network,FluSurv-NET,2017-18,2018,16,>= 65 yr,Overall,Overall,433.2,4.3,null,null
Entire Network,FluSurv-NET,2017-18,2018,17,>= 65 yr,Overall,Overall,437.2,4,null,null
Entire Network,FluSurv-NET,2017-18,2017,40,65-74 yr,Overall,Overall,0.2,0.2,null,null
Entire Network,FluSurv-NET,2017-18,2017,41,65-74 yr,Overall,Overall,0.4,0.2,null,null
Entire Network,FluSurv-NET,2017-18,2017,42,65-74 yr,Overall,Overall,1,0.6,null,null
Entire Network,FluSurv-NET,2017-18,2017,43,65-74 yr,Overall,Overall,1.8,0.8,null,null
Entire Network,FluSurv-NET,2017-18,2017,44,65-74 yr,Overall,Overall,2.3,0.5,null,null
Entire Network,FluSurv-NET,2017-18,2017,45,65-74 yr,Overall,Overall,3,0.7,null,null
Entire Network,FluSurv-NET,2017-18,2017,46,65-74 yr,Overall,Overall,3.9,1,null,null
Entire Network,FluSurv-NET,2017-18,2017,47,65-74 yr,Overall,Overall,5.6,1.7,null,null
Entire Network,FluSurv-NET,2017-18,2017,48,65-74 yr,Overall,Overall,8.5,2.8,null,null
Entire Network,FluSurv-NET,2017-18,2017,49,65-74 yr,Overall,Overall,11.4,3,null,null
Entire Network,FluSurv-NET,2017-18,2017,50,65-74 yr,Overall,Overall,17.1,5.7,null,null
Entire Network,FluSurv-NET,2017-18,2017,51,65-74 yr,Overall,Overall,27.6,10.4,null,null
Entire Network,FluSurv-NET,2017-18,2017,52,65-74 yr,Overall,Overall,45.3,17.7,null,null
Entire Network,FluSurv-NET,2017-18,2018,1,65-74 yr,Overall,Overall,69.5,24.2,null,null
Entire Network,FluSurv-NET,2017-18,2018,2,65-74 yr,Overall,Overall,93.9,24.4,null,null
Entire Network,FluSurv-NET,2017-18,2018,3,65-74 yr,Overall,Overall,116.2,22.4,null,null
Entire Network,FluSurv-NET,2017-18,2018,4,65-74 yr,Overall,Overall,136.7,20.4,null,null
Entire Network,FluSurv-NET,2017-18,2018,5,65-74 yr,Overall,Overall,154.7,18.1,null,null
Entire Network,FluSurv-NET,2017-18,2018,6,65-74 yr,Overall,Overall,170.6,15.9,null,null
Entire Network,FluSurv-NET,2017-18,2018,7,65-74 yr,Overall,Overall,185.4,14.9,null,null
Entire Network,FluSurv-NET,2017-18,2018,8,65-74 yr,Overall,Overall,197.7,12.3,null,null
Entire Network,FluSurv-NET,2017-18,2018,9,65-74 yr,Overall,Overall,206.2,8.5,null,null
Entire Network,FluSurv-NET,2017-18,2018,10,65-74 yr,Overall,Overall,213.5,7.3,null,null
Entire Network,FluSurv-NET,2017-18,2018,11,65-74 yr,Overall,Overall,220.6,7.1,null,null
Entire Network,FluSurv-NET,2017-18,2018,12,65-74 yr,Overall,Overall,226.4,5.7,null,null
Entire Network,FluSurv-NET,2017-18,2018,13,65-74 yr,Overall,Overall,231.8,5.4,null,null
Entire Network,FluSurv-NET,2017-18,2018,14,65-74 yr,Overall,Overall,236.6,4.8,null,null
Entire Network,FluSurv-NET,2017-18,2018,15,65-74 yr,Overall,Overall,240.1,3.5,null,null
Entire Network,FluSurv-NET,2017-18,2018,16,65-74 yr,Overall,Overall,242.7,2.6,null,null
Entire Network,FluSurv-NET,2017-18,2018,17,65-74 yr,Overall,Overall,245.3,2.6,null,null
Entire Network,FluSurv-NET,2017-18,2017,40,75-84 yr,Overall,Overall,0.8,0.8,null,null
Entire Network,FluSurv-NET,2017-18,2017,41,75-84 yr,Overall,Overall,1.4,0.5,null,null
Entire Network,FluSurv-NET,2017-18,2017,42,75-84 yr,Overall,Overall,2.9,1.6,null,null
Entire Network,FluSurv-NET,2017-18,2017,43,75-84 yr,Overall,Overall,3.9,1,null,null
Entire Network,FluSurv-NET,2017-18,2017,44,75-84 yr,Overall,Overall,5.1,1.2,null,null
Entire Network,FluSurv-NET,2017-18,2017,45,75-84 yr,Overall,Overall,6.6,1.5,null,null
Entire Network,FluSurv-NET,2017-18,2017,46,75-84 yr,Overall,Overall,8.8,2.2,null,null
Entire Network,FluSurv-NET,2017-18,2017,47,75-84 yr,Overall,Overall,11.7,2.9,null,null
Entire Network,FluSurv-NET,2017-18,2017,48,75-84 yr,Overall,Overall,17.5,5.8,null,null
Entire Network,FluSurv-NET,2017-18,2017,49,75-84 yr,Overall,Overall,24.5,7,null,null
Entire Network,FluSurv-NET,2017-18,2017,50,75-84 yr,Overall,Overall,35.4,10.9,null,null
Entire Network,FluSurv-NET,2017-18,2017,51,75-84 yr,Overall,Overall,60.9,25.4,null,null
Entire Network,FluSurv-NET,2017-18,2017,52,75-84 yr,Overall,Overall,110.6,49.8,null,null
Entire Network,FluSurv-NET,2017-18,2018,1,75-84 yr,Overall,Overall,171.2,60.6,null,null
Entire Network,FluSurv-NET,2017-18,2018,2,75-84 yr,Overall,Overall,224.2,53,null,null
Entire Network,FluSurv-NET,2017-18,2018,3,75-84 yr,Overall,Overall,274.1,49.9,null,null
Entire Network,FluSurv-NET,2017-18,2018,4,75-84 yr,Overall,Overall,320.7,46.7,null,null
Entire Network,FluSurv-NET,2017-18,2018,5,75-84 yr,Overall,Overall,358.2,37.4,null,null
Entire Network,FluSurv-NET,2017-18,2018,6,75-84 yr,Overall,Overall,389.4,31.2,null,null
Entire Network,FluSurv-NET,2017-18,2018,7,75-84 yr,Overall,Overall,421.4,32,null,null
Entire Network,FluSurv-NET,2017-18,2018,8,75-84 yr,Overall,Overall,450.4,29,null,null
Entire Network,FluSurv-NET,2017-18,2018,9,75-84 yr,Overall,Overall,468.6,18.2,null,null
Entire Network,FluSurv-NET,2017-18,2018,10,75-84 yr,Overall,Overall,482.9,14.3,null,null
Entire Network,FluSurv-NET,2017-18,2018,11,75-84 yr,Overall,Overall,498.2,15.3,null,null
Entire Network,FluSurv-NET,2017-18,2018,12,75-84 yr,Overall,Overall,509.8,11.6,null,null
Entire Network,FluSurv-NET,2017-18,2018,13,75-84 yr,Overall,Overall,521.9,12.1,null,null
Entire Network,FluSurv-NET,2017-18,2018,14,75-84 yr,Overall,Overall,531.1,9.2,null,null
Entire Network,FluSurv-NET,2017-18,2018,15,75-84 yr,Overall,Overall,539,7.9,null,null
Entire Network,FluSurv-NET,2017-18,2018,16,75-84 yr,Overall,Overall,544.1,5.1,null,null
Entire Network,FluSurv-NET,2017-18,2018,17,75-84 yr,Overall,Overall,548.8,4.7,null,null
Entire Network,FluSurv-NET,2017-18,2017,40,>= 85,Overall,Overall,0.6,0.6,null,null
Entire Network,FluSurv-NET,2017-18,2017,41,>= 85,Overall,Overall,2.2,1.6,null,null
Entire Network,FluSurv-NET,2017-18,2017,42,>= 85,Overall,Overall,4.4,2.2,null,null
Entire Network,FluSurv-NET,2017-18,2017,43,>= 85,Overall,Overall,5.4,1,null,null
Entire Network,FluSurv-NET,2017-18,2017,44,>= 85,Overall,Overall,7.8,2.4,null,null
Entire Network,FluSurv-NET,2017-18,2017,45,>= 85,Overall,Overall,10.9,3,null,null
Entire Network,FluSurv-NET,2017-18,2017,46,>= 85,Overall,Overall,14.3,3.4,null,null
Entire Network,FluSurv-NET,2017-18,2017,47,>= 85,Overall,Overall,22.1,7.8,null,null
Entire Network,FluSurv-NET,2017-18,2017,48,>= 85,Overall,Overall,35.4,13.3,null,null
Entire Network,FluSurv-NET,2017-18,2017,49,>= 85,Overall,Overall,51.7,16.3,null,null
Entire Network,FluSurv-NET,2017-18,2017,50,>= 85,Overall,Overall,75,23.3,null,null
Entire Network,FluSurv-NET,2017-18,2017,51,>= 85,Overall,Overall,124.1,49.1,null,null
Entire Network,FluSurv-NET,2017-18,2017,52,>= 85,Overall,Overall,234.9,110.8,null,null
Entire Network,FluSurv-NET,2017-18,2018,1,>= 85,Overall,Overall,368.4,133.5,null,null
Entire Network,FluSurv-NET,2017-18,2018,2,>= 85,Overall,Overall,477.4,109,null,null
Entire Network,FluSurv-NET,2017-18,2018,3,>= 85,Overall,Overall,575.1,97.7,null,null
Entire Network,FluSurv-NET,2017-18,2018,4,>= 85,Overall,Overall,665,89.9,null,null
Entire Network,FluSurv-NET,2017-18,2018,5,>= 85,Overall,Overall,748.8,83.9,null,null
Entire Network,FluSurv-NET,2017-18,2018,6,>= 85,Overall,Overall,813.4,64.5,null,null
Entire Network,FluSurv-NET,2017-18,2018,7,>= 85,Overall,Overall,873.9,60.5,null,null
Entire Network,FluSurv-NET,2017-18,2018,8,>= 85,Overall,Overall,925.4,51.5,null,null
Entire Network,FluSurv-NET,2017-18,2018,9,>= 85,Overall,Overall,964,38.6,null,null
Entire Network,FluSurv-NET,2017-18,2018,10,>= 85,Overall,Overall,991.7,27.7,null,null
Entire Network,FluSurv-NET,2017-18,2018,11,>= 85,Overall,Overall,1023.1,31.4,null,null
Entire Network,FluSurv-NET,2017-18,2018,12,>= 85,Overall,Overall,1041.6,18.5,null,null
Entire Network,FluSurv-NET,2017-18,2018,13,>= 85,Overall,Overall,1064.9,23.3,null,null
Entire Network,FluSurv-NET,2017-18,2018,14,>= 85,Overall,Overall,1085,20.1,null,null
Entire Network,FluSurv-NET,2017-18,2018,15,>= 85,Overall,Overall,1097.1,12.1,null,null
Entire Network,FluSurv-NET,2017-18,2018,16,>= 85,Overall,Overall,1108,10.9,null,null
Entire Network,FluSurv-NET,2017-18,2018,17,>= 85,Overall,Overall,1117,9,null,null
Entire Network,FluSurv-NET,2017-18,2017,40,18-29 yr,Overall,Overall,0,0,null,null
Entire Network,FluSurv-NET,2017-18,2017,41,18-29 yr,Overall,Overall,0,0,null,null
Entire Network,FluSurv-NET,2017-18,2017,42,18-29 yr,Overall,Overall,0.1,0.1,null,null
Entire Network,FluSurv-NET,2017-18,2017,43,18-29 yr,Overall,Overall,0.2,0,null,null
Entire Network,FluSurv-NET,2017-18,2017,44,18-29 yr,Overall,Overall,0.3,0.2,null,null
Entire Network,FluSurv-NET,2017-18,2017,45,18-29 yr,Overall,Overall,0.5,0.1,null,null
Entire Network,FluSurv-NET,2017-18,2017,46,18-29 yr,Overall,Overall,0.7,0.2,null,null
Entire Network,FluSurv-NET,2017-18,2017,47,18-29 yr,Overall,Overall,0.9,0.2,null,null
Entire Network,FluSurv-NET,2017-18,2017,48,18-29 yr,Overall,Overall,1.2,0.3,null,null
Entire Network,FluSurv-NET,2017-18,2017,49,18-29 yr,Overall,Overall,1.6,0.4,null,null
Entire Network,FluSurv-NET,2017-18,2017,50,18-29 yr,Overall,Overall,2.2,0.6,null,null
Entire Network,FluSurv-NET,2017-18,2017,51,18-29 yr,Overall,Overall,3.2,1,null,null
Entire Network,FluSurv-NET,2017-18,2017,52,18-29 yr,Overall,Overall,4.6,1.4,null,null
Entire Network,FluSurv-NET,2017-18,2018,1,18-29 yr,Overall,Overall,6.5,1.9,null,null
Entire Network,FluSurv-NET,2017-18,2018,2,18-29 yr,Overall,Overall,8.5,2,null,null
Entire Network,FluSurv-NET,2017-18,2018,3,18-29 yr,Overall,Overall,10.1,1.6,null,null
Entire Network,FluSurv-NET,2017-18,2018,4,18-29 yr,Overall,Overall,11.9,1.9,null,null
Entire Network,FluSurv-NET,2017-18,2018,5,18-29 yr,Overall,Overall,13.6,1.7,null,null
Entire Network,FluSurv-NET,2017-18,2018,6,18-29 yr,Overall,Overall,15.3,1.7,null,null
Entire Network,FluSurv-NET,2017-18,2018,7,18-29 yr,Overall,Overall,16.9,1.6,null,null
Entire Network,FluSurv-NET,2017-18,2018,8,18-29 yr,Overall,Overall,18,1.1,null,null
Entire Network,FluSurv-NET,2017-18,2018,9,18-29 yr,Overall,Overall,18.6,0.7,null,null
Entire Network,FluSurv-NET,2017-18,2018,10,18-29 yr,Overall,Overall,19.2,0.5,null,null
Entire Network,FluSurv-NET,2017-18,2018,11,18-29 yr,Overall,Overall,19.6,0.5,null,null
Entire Network,FluSurv-NET,2017-18,2018,12,18-29 yr,Overall,Overall,20.2,0.6,null,null
Entire Network,FluSurv-NET,2017-18,2018,13,18-29 yr,Overall,Overall,20.7,0.5,null,null
Entire Network,FluSurv-NET,2017-18,2018,14,18-29 yr,Overall,Overall,21.1,0.4,null,null
Entire Network,FluSurv-NET,2017-18,2018,15,18-29 yr,Overall,Overall,21.3,0.2,null,null
Entire Network,FluSurv-NET,2017-18,2018,16,18-29 yr,Overall,Overall,21.5,0.1,null,null
Entire Network,FluSurv-NET,2017-18,2018,17,18-29 yr,Overall,Overall,21.8,0.3,null,null
Entire Network,FluSurv-NET,2017-18,2017,40,30-39 yr,Overall,Overall,0.1,0.1,null,null
Entire Network,FluSurv-NET,2017-18,2017,41,30-39 yr,Overall,Overall,0.1,0,null,null
Entire Network,FluSurv-NET,2017-18,2017,42,30-39 yr,Overall,Overall,0.3,0.1,null,null
Entire Network,FluSurv-NET,2017-18,2017,43,30-39 yr,Overall,Overall,0.3,0,null,null
Entire Network,FluSurv-NET,2017-18,2017,44,30-39 yr,Overall,Overall,0.4,0.1,null,null
Entire Network,FluSurv-NET,2017-18,2017,45,30-39 yr,Overall,Overall,0.5,0.1,null,null
Entire Network,FluSurv-NET,2017-18,2017,46,30-39 yr,Overall,Overall,0.7,0.1,null,null
Entire Network,FluSurv-NET,2017-18,2017,47,30-39 yr,Overall,Overall,0.9,0.3,null,null
Entire Network,FluSurv-NET,2017-18,2017,48,30-39 yr,Overall,Overall,1.3,0.4,null,null
Entire Network,FluSurv-NET,2017-18,2017,49,30-39 yr,Overall,Overall,1.9,0.6,null,null
Entire Network,FluSurv-NET,2017-18,2017,50,30-39 yr,Overall,Overall,2.5,0.5,null,null
Entire Network,FluSurv-NET,2017-18,2017,51,30-39 yr,Overall,Overall,3.7,1.3,null,null
Entire Network,FluSurv-NET,2017-18,2017,52,30-39 yr,Overall,Overall,5.6,1.8,null,null
Entire Network,FluSurv-NET,2017-18,2018,1,30-39 yr,Overall,Overall,8,2.4,null,null
Entire Network,FluSurv-NET,2017-18,2018,2,30-39 yr,Overall,Overall,11.1,3.1,null,null
Entire Network,FluSurv-NET,2017-18,2018,3,30-39 yr,Overall,Overall,13.4,2.3,null,null
Entire Network,FluSurv-NET,2017-18,2018,4,30-39 yr,Overall,Overall,15.7,2.3,null,null
Entire Network,FluSurv-NET,2017-18,2018,5,30-39 yr,Overall,Overall,18,2.3,null,null
Entire Network,FluSurv-NET,2017-18,2018,6,30-39 yr,Overall,Overall,20.2,2.2,null,null
Entire Network,FluSurv-NET,2017-18,2018,7,30-39 yr,Overall,Overall,21.6,1.4,null,null
Entire Network,FluSurv-NET,2017-18,2018,8,30-39 yr,Overall,Overall,22.7,1,null,null
Entire Network,FluSurv-NET,2017-18,2018,9,30-39 yr,Overall,Overall,23.5,0.8,null,null
Entire Network,FluSurv-NET,2017-18,2018,10,30-39 yr,Overall,Overall,24.1,0.6,null,null
Entire Network,FluSurv-NET,2017-18,2018,11,30-39 yr,Overall,Overall,24.7,0.6,null,null
Entire Network,FluSurv-NET,2017-18,2018,12,30-39 yr,Overall,Overall,25.3,0.6,null,null
Entire Network,FluSurv-NET,2017-18,2018,13,30-39 yr,Overall,Overall,25.8,0.5,null,null
Entire Network,FluSurv-NET,2017-18,2018,14,30-39 yr,Overall,Overall,26.4,0.5,null,null
Entire Network,FluSurv-NET,2017-18,2018,15,30-39 yr,Overall,Overall,26.7,0.3,null,null
Entire Network,FluSurv-NET,2017-18,2018,16,30-39 yr,Overall,Overall,27,0.3,null,null
Entire Network,FluSurv-NET,2017-18,2018,17,30-39 yr,Overall,Overall,27.3,0.3,null,null
Entire Network,FluSurv-NET,2017-18,2017,40,40-49 yr,Overall,Overall,0,0,null,null
Entire Network,FluSurv-NET,2017-18,2017,41,40-49 yr,Overall,Overall,0.1,0.1,null,null
Entire Network,FluSurv-NET,2017-18,2017,42,40-49 yr,Overall,Overall,0.1,0.1,null,null
Entire Network,FluSurv-NET,2017-18,2017,43,40-49 yr,Overall,Overall,0.2,0.1,null,null
Entire Network,FluSurv-NET,2017-18,2017,44,40-49 yr,Overall,Overall,0.3,0.1,null,null
Entire Network,FluSurv-NET,2017-18,2017,45,40-49 yr,Overall,Overall,0.5,0.2,null,null
Entire Network,FluSurv-NET,2017-18,2017,46,40-49 yr,Overall,Overall,0.8,0.2,null,null
Entire Network,FluSurv-NET,2017-18,2017,47,40-49 yr,Overall,Overall,1,0.3,null,null
Entire Network,FluSurv-NET,2017-18,2017,48,40-49 yr,Overall,Overall,1.6,0.6,null,null
Entire Network,FluSurv-NET,2017-18,2017,49,40-49 yr,Overall,Overall,2.2,0.6,null,null
Entire Network,FluSurv-NET,2017-18,2017,50,40-49 yr,Overall,Overall,3.3,1.1,null,null
Entire Network,FluSurv-NET,2017-18,2017,51,40-49 yr,Overall,Overall,5.2,2,null,null
Entire Network,FluSurv-NET,2017-18,2017,52,40-49 yr,Overall,Overall,8.5,3.2,null,null
Entire Network,FluSurv-NET,2017-18,2018,1,40-49 yr,Overall,Overall,11.6,3.2,null,null
Entire Network,FluSurv-NET,2017-18,2018,2,40-49 yr,Overall,Overall,16,4.3,null,null
Entire Network,FluSurv-NET,2017-18,2018,3,40-49 yr,Overall,Overall,20.3,4.3,null,null
Entire Network,FluSurv-NET,2017-18,2018,4,40-49 yr,Overall,Overall,24.1,3.8,null,null
Entire Network,FluSurv-NET,2017-18,2018,5,40-49 yr,Overall,Overall,27.3,3.2,null,null
Entire Network,FluSurv-NET,2017-18,2018,6,40-49 yr,Overall,Overall,30.8,3.5,null,null
Entire Network,FluSurv-NET,2017-18,2018,7,40-49 yr,Overall,Overall,33.3,2.5,null,null
Entire Network,FluSurv-NET,2017-18,2018,8,40-49 yr,Overall,Overall,35.4,2.1,null,null
Entire Network,FluSurv-NET,2017-18,2018,9,40-49 yr,Overall,Overall,36.9,1.5,null,null
Entire Network,FluSurv-NET,2017-18,2018,10,40-49 yr,Overall,Overall,38.3,1.4,null,null
Entire Network,FluSurv-NET,2017-18,2018,11,40-49 yr,Overall,Overall,39.4,1.1,null,null
Entire Network,FluSurv-NET,2017-18,2018,12,40-49 yr,Overall,Overall,40.4,1,null,null
Entire Network,FluSurv-NET,2017-18,2018,13,40-49 yr,Overall,Overall,41.5,1.1,null,null
Entire Network,FluSurv-NET,2017-18,2018,14,40-49 yr,Overall,Overall,42.4,0.9,null,null
Entire Network,FluSurv-NET,2017-18,2018,15,40-49 yr,Overall,Overall,42.8,0.4,null,null
Entire Network,FluSurv-NET,2017-18,2018,16,40-49 yr,Overall,Overall,43.3,0.5,null,null
Entire Network,FluSurv-NET,2017-18,2018,17,40-49 yr,Overall,Overall,43.7,0.5,null,null
Entire Network,FluSurv-NET,2017-18,2017,40,0-< 1 yr,Overall,Overall,0,0,null,null
Entire Network,FluSurv-NET,2017-18,2017,41,0-< 1 yr,Overall,Overall,0.3,0.3,null,null
Entire Network,FluSurv-NET,2017-18,2017,42,0-< 1 yr,Overall,Overall,0.6,0.3,null,null
Entire Network,FluSurv-NET,2017-18,2017,43,0-< 1 yr,Overall,Overall,0.9,0.3,null,null
Entire Network,FluSurv-NET,2017-18,2017,44,0-< 1 yr,Overall,Overall,1.4,0.6,null,null
Entire Network,FluSurv-NET,2017-18,2017,45,0-< 1 yr,Overall,Overall,1.4,0,null,null
Entire Network,FluSurv-NET,2017-18,2017,46,0-< 1 yr,Overall,Overall,2.8,1.4,null,null
Entire Network,FluSurv-NET,2017-18,2017,47,0-< 1 yr,Overall,Overall,4.8,2,null,null
Entire Network,FluSurv-NET,2017-18,2017,48,0-< 1 yr,Overall,Overall,6.5,1.7,null,null
Entire Network,FluSurv-NET,2017-18,2017,49,0-< 1 yr,Overall,Overall,8.5,2,null,null
Entire Network,FluSurv-NET,2017-18,2017,50,0-< 1 yr,Overall,Overall,12.5,4,null,null
Entire Network,FluSurv-NET,2017-18,2017,51,0-< 1 yr,Overall,Overall,17.1,4.6,null,null
Entire Network,FluSurv-NET,2017-18,2017,52,0-< 1 yr,Overall,Overall,28.2,11.1,null,null
Entire Network,FluSurv-NET,2017-18,2018,1,0-< 1 yr,Overall,Overall,38.7,10.5,null,null
Entire Network,FluSurv-NET,2017-18,2018,2,0-< 1 yr,Overall,Overall,48.1,9.4,null,null
Entire Network,FluSurv-NET,2017-18,2018,3,0-< 1 yr,Overall,Overall,57.7,9.7,null,null
Entire Network,FluSurv-NET,2017-18,2018,4,0-< 1 yr,Overall,Overall,71.7,13.9,null,null
Entire Network,FluSurv-NET,2017-18,2018,5,0-< 1 yr,Overall,Overall,86.2,14.5,null,null
Entire Network,FluSurv-NET,2017-18,2018,6,0-< 1 yr,Overall,Overall,99.6,13.4,null,null
Entire Network,FluSurv-NET,2017-18,2018,7,0-< 1 yr,Overall,Overall,108.1,8.5,null,null
Entire Network,FluSurv-NET,2017-18,2018,8,0-< 1 yr,Overall,Overall,113.2,5.1,null,null
Entire Network,FluSurv-NET,2017-18,2018,9,0-< 1 yr,Overall,Overall,116.9,3.7,null,null
Entire Network,FluSurv-NET,2017-18,2018,10,0-< 1 yr,Overall,Overall,121.5,4.6,null,null
Entire Network,FluSurv-NET,2017-18,2018,11,0-< 1 yr,Overall,Overall,125.7,4.3,null,null
Entire Network,FluSurv-NET,2017-18,2018,12,0-< 1 yr,Overall,Overall,130.3,4.6,null,null
Entire Network,FluSurv-NET,2017-18,2018,13,0-< 1 yr,Overall,Overall,132.8,2.6,null,null
Entire Network,FluSurv-NET,2017-18,2018,14,0-< 1 yr,Overall,Overall,133.4,0.6,null,null
Entire Network,FluSurv-NET,2017-18,2018,15,0-< 1 yr,Overall,Overall,134.5,1.1,null,null
Entire Network,FluSurv-NET,2017-18,2018,16,0-< 1 yr,Overall,Overall,135.4,0.9,null,null
Entire Network,FluSurv-NET,2017-18,2018,17,0-< 1 yr,Overall,Overall,136.5,1.1,null,null
Entire Network,FluSurv-NET,2017-18,2017,40,1-4 yr,Overall,Overall,0.1,0.1,null,null
Entire Network,FluSurv-NET,2017-18,2017,41,1-4 yr,Overall,Overall,0.1,0,null,null
Entire Network,FluSurv-NET,2017-18,2017,42,1-4 yr,Overall,Overall,0.2,0.1,null,null
Entire Network,FluSurv-NET,2017-18,2017,43,1-4 yr,Overall,Overall,0.3,0.1,null,null
Entire Network,FluSurv-NET,2017-18,2017,44,1-4 yr,Overall,Overall,0.5,0.2,null,null
Entire Network,FluSurv-NET,2017-18,2017,45,1-4 yr,Overall,Overall,0.7,0.2,null,null
Entire Network,FluSurv-NET,2017-18,2017,46,1-4 yr,Overall,Overall,0.9,0.1,null,null
Entire Network,FluSurv-NET,2017-18,2017,47,1-4 yr,Overall,Overall,1.3,0.4,null,null
Entire Network,FluSurv-NET,2017-18,2017,48,1-4 yr,Overall,Overall,2,0.7,null,null
Entire Network,FluSurv-NET,2017-18,2017,49,1-4 yr,Overall,Overall,2.6,0.6,null,null
Entire Network,FluSurv-NET,2017-18,2017,50,1-4 yr,Overall,Overall,3.8,1.3,null,null
Entire Network,FluSurv-NET,2017-18,2017,51,1-4 yr,Overall,Overall,6,2.2,null,null
Entire Network,FluSurv-NET,2017-18,2017,52,1-4 yr,Overall,Overall,9.9,3.9,null,null
Entire Network,FluSurv-NET,2017-18,2018,1,1-4 yr,Overall,Overall,12.5,2.6,null,null
Entire Network,FluSurv-NET,2017-18,2018,2,1-4 yr,Overall,Overall,16.4,3.9,null,null
Entire Network,FluSurv-NET,2017-18,2018,3,1-4 yr,Overall,Overall,19.8,3.4,null,null
Entire Network,FluSurv-NET,2017-18,2018,4,1-4 yr,Overall,Overall,25.4,5.6,null,null
Entire Network,FluSurv-NET,2017-18,2018,5,1-4 yr,Overall,Overall,30.3,4.9,null,null
Entire Network,FluSurv-NET,2017-18,2018,6,1-4 yr,Overall,Overall,35.1,4.8,null,null
Entire Network,FluSurv-NET,2017-18,2018,7,1-4 yr,Overall,Overall,39.7,4.6,null,null
Entire Network,FluSurv-NET,2017-18,2018,8,1-4 yr,Overall,Overall,43.8,4,null,null
Entire Network,FluSurv-NET,2017-18,2018,9,1-4 yr,Overall,Overall,45.8,2.1,null,null
Entire Network,FluSurv-NET,2017-18,2018,10,1-4 yr,Overall,Overall,47.3,1.4,null,null
Entire Network,FluSurv-NET,2017-18,2018,11,1-4 yr,Overall,Overall,48.5,1.3,null,null
Entire Network,FluSurv-NET,2017-18,2018,12,1-4 yr,Overall,Overall,50.2,1.7,null,null
Entire Network,FluSurv-NET,2017-18,2018,13,1-4 yr,Overall,Overall,51.2,0.9,null,null
Entire Network,FluSurv-NET,2017-18,2018,14,1-4 yr,Overall,Overall,52.1,0.9,null,null
Entire Network,FluSurv-NET,2017-18,2018,15,1-4 yr,Overall,Overall,52.9,0.9,null,null
Entire Network,FluSurv-NET,2017-18,2018,16,1-4 yr,Overall,Overall,53.5,0.6,null,null
Entire Network,FluSurv-NET,2017-18,2018,17,1-4 yr,Overall,Overall,54.6,1.1,null,null
Entire Network,FluSurv-NET,2017-18,2017,40,>= 75,Overall,Overall,0.8,0.8,null,null
Entire Network,FluSurv-NET,2017-18,2017,41,>= 75,Overall,Overall,1.6,0.9,null,null
Entire Network,FluSurv-NET,2017-18,2017,42,>= 75,Overall,Overall,3.4,1.8,null,null
Entire Network,FluSurv-NET,2017-18,2017,43,>= 75,Overall,Overall,4.4,1,null,null
Entire Network,FluSurv-NET,2017-18,2017,44,>= 75,Overall,Overall,6,1.6,null,null
Entire Network,FluSurv-NET,2017-18,2017,45,>= 75,Overall,Overall,7.9,1.9,null,null
Entire Network,FluSurv-NET,2017-18,2017,46,>= 75,Overall,Overall,10.5,2.6,null,null
Entire Network,FluSurv-NET,2017-18,2017,47,>= 75,Overall,Overall,15,4.5,null,null
Entire Network,FluSurv-NET,2017-18,2017,48,>= 75,Overall,Overall,23.1,8.1,null,null
Entire Network,FluSurv-NET,2017-18,2017,49,>= 75,Overall,Overall,33,9.9,null,null
Entire Network,FluSurv-NET,2017-18,2017,50,>= 75,Overall,Overall,47.8,14.8,null,null
Entire Network,FluSurv-NET,2017-18,2017,51,>= 75,Overall,Overall,80.6,32.8,null,null
Entire Network,FluSurv-NET,2017-18,2017,52,>= 75,Overall,Overall,149.5,68.9,null,null
Entire Network,FluSurv-NET,2017-18,2018,1,>= 75,Overall,Overall,232.9,83.4,null,null
Entire Network,FluSurv-NET,2017-18,2018,2,>= 75,Overall,Overall,303.4,70.5,null,null
Entire Network,FluSurv-NET,2017-18,2018,3,>= 75,Overall,Overall,368.2,64.8,null,null
Entire Network,FluSurv-NET,2017-18,2018,4,>= 75,Overall,Overall,428.4,60.2,null,null
Entire Network,FluSurv-NET,2017-18,2018,5,>= 75,Overall,Overall,480.3,51.9,null,null
Entire Network,FluSurv-NET,2017-18,2018,6,>= 75,Overall,Overall,522,41.6,null,null
Entire Network,FluSurv-NET,2017-18,2018,7,>= 75,Overall,Overall,562.9,40.9,null,null
Entire Network,FluSurv-NET,2017-18,2018,8,>= 75,Overall,Overall,599,36,null,null
Entire Network,FluSurv-NET,2017-18,2018,9,>= 75,Overall,Overall,623.5,24.6,null,null
Entire Network,FluSurv-NET,2017-18,2018,10,>= 75,Overall,Overall,642,18.5,null,null
Entire Network,FluSurv-NET,2017-18,2018,11,>= 75,Overall,Overall,662.3,20.3,null,null
Entire Network,FluSurv-NET,2017-18,2018,12,>= 75,Overall,Overall,676.1,13.8,null,null
Entire Network,FluSurv-NET,2017-18,2018,13,>= 75,Overall,Overall,691.7,15.6,null,null
Entire Network,FluSurv-NET,2017-18,2018,14,>= 75,Overall,Overall,704.4,12.6,null,null
Entire Network,FluSurv-NET,2017-18,2018,15,>= 75,Overall,Overall,713.5,9.2,null,null
Entire Network,FluSurv-NET,2017-18,2018,16,>= 75,Overall,Overall,720.5,6.9,null,null
Entire Network,FluSurv-NET,2017-18,2018,17,>= 75,Overall,Overall,726.5,6,null,null
Entire Network,FluSurv-NET,2017-18,2017,40,5-11  yr,Overall,Overall,0,0,null,null
Entire Network,FluSurv-NET,2017-18,2017,41,5-11  yr,Overall,Overall,0.1,0.1,null,null
Entire Network,FluSurv-NET,2017-18,2017,42,5-11  yr,Overall,Overall,0.2,0.1,null,null
Entire Network,FluSurv-NET,2017-18,2017,43,5-11  yr,Overall,Overall,0.2,0,null,null
Entire Network,FluSurv-NET,2017-18,2017,44,5-11  yr,Overall,Overall,0.4,0.2,null,null
Entire Network,FluSurv-NET,2017-18,2017,45,5-11  yr,Overall,Overall,0.6,0.2,null,null
Entire Network,FluSurv-NET,2017-18,2017,46,5-11  yr,Overall,Overall,0.9,0.2,null,null
Entire Network,FluSurv-NET,2017-18,2017,47,5-11  yr,Overall,Overall,1.2,0.4,null,null
Entire Network,FluSurv-NET,2017-18,2017,48,5-11  yr,Overall,Overall,1.5,0.3,null,null
Entire Network,FluSurv-NET,2017-18,2017,49,5-11  yr,Overall,Overall,2,0.4,null,null
Entire Network,FluSurv-NET,2017-18,2017,50,5-11  yr,Overall,Overall,2.8,0.8,null,null
Entire Network,FluSurv-NET,2017-18,2017,51,5-11  yr,Overall,Overall,3.8,1,null,null
Entire Network,FluSurv-NET,2017-18,2017,52,5-11  yr,Overall,Overall,4.9,1.1,null,null
Entire Network,FluSurv-NET,2017-18,2018,1,5-11  yr,Overall,Overall,5.6,0.8,null,null
Entire Network,FluSurv-NET,2017-18,2018,2,5-11  yr,Overall,Overall,7,1.4,null,null
Entire Network,FluSurv-NET,2017-18,2018,3,5-11  yr,Overall,Overall,8.6,1.5,null,null
Entire Network,FluSurv-NET,2017-18,2018,4,5-11  yr,Overall,Overall,10.1,1.5,null,null
Entire Network,FluSurv-NET,2017-18,2018,5,5-11  yr,Overall,Overall,12.8,2.7,null,null
Entire Network,FluSurv-NET,2017-18,2018,6,5-11  yr,Overall,Overall,15.1,2.3,null,null
Entire Network,FluSurv-NET,2017-18,2018,7,5-11  yr,Overall,Overall,17,2,null,null
Entire Network,FluSurv-NET,2017-18,2018,8,5-11  yr,Overall,Overall,19,2,null,null
Entire Network,FluSurv-NET,2017-18,2018,9,5-11  yr,Overall,Overall,20.1,1.1,null,null
Entire Network,FluSurv-NET,2017-18,2018,10,5-11  yr,Overall,Overall,21.1,1,null,null
Entire Network,FluSurv-NET,2017-18,2018,11,5-11  yr,Overall,Overall,21.9,0.8,null,null
Entire Network,FluSurv-NET,2017-18,2018,12,5-11  yr,Overall,Overall,22.5,0.7,null,null
Entire Network,FluSurv-NET,2017-18,2018,13,5-11  yr,Overall,Overall,23.2,0.6,null,null
Entire Network,FluSurv-NET,2017-18,2018,14,5-11  yr,Overall,Overall,23.5,0.3,null,null
Entire Network,FluSurv-NET,2017-18,2018,15,5-11  yr,Overall,Overall,23.6,0.1,null,null
Entire Network,FluSurv-NET,2017-18,2018,16,5-11  yr,Overall,Overall,24,0.4,null,null
Entire Network,FluSurv-NET,2017-18,2018,17,5-11  yr,Overall,Overall,24.3,0.3,null,null
Entire Network,FluSurv-NET,2017-18,2017,40,12-17 yr,Overall,Overall,0,0,null,null
Entire Network,FluSurv-NET,2017-18,2017,41,12-17 yr,Overall,Overall,0,0,null,null
Entire Network,FluSurv-NET,2017-18,2017,42,12-17 yr,Overall,Overall,0,0,null,null
Entire Network,FluSurv-NET,2017-18,2017,43,12-17 yr,Overall,Overall,0,0,null,null
Entire Network,FluSurv-NET,2017-18,2017,44,12-17 yr,Overall,Overall,0.1,0,null,null
Entire Network,FluSurv-NET,2017-18,2017,45,12-17 yr,Overall,Overall,0.1,0,null,null
Entire Network,FluSurv-NET,2017-18,2017,46,12-17 yr,Overall,Overall,0.2,0.1,null,null
Entire Network,FluSurv-NET,2017-18,2017,47,12-17 yr,Overall,Overall,0.3,0.1,null,null
Entire Network,FluSurv-NET,2017-18,2017,48,12-17 yr,Overall,Overall,0.4,0.1,null,null
Entire Network,FluSurv-NET,2017-18,2017,49,12-17 yr,Overall,Overall,0.5,0,null,null
Entire Network,FluSurv-NET,2017-18,2017,50,12-17 yr,Overall,Overall,0.7,0.3,null,null
Entire Network,FluSurv-NET,2017-18,2017,51,12-17 yr,Overall,Overall,0.9,0.2,null,null
Entire Network,FluSurv-NET,2017-18,2017,52,12-17 yr,Overall,Overall,1.7,0.8,null,null
Entire Network,FluSurv-NET,2017-18,2018,1,12-17 yr,Overall,Overall,2.6,0.9,null,null
Entire Network,FluSurv-NET,2017-18,2018,2,12-17 yr,Overall,Overall,3.9,1.3,null,null
Entire Network,FluSurv-NET,2017-18,2018,3,12-17 yr,Overall,Overall,4.8,1,null,null
Entire Network,FluSurv-NET,2017-18,2018,4,12-17 yr,Overall,Overall,6,1.2,null,null
Entire Network,FluSurv-NET,2017-18,2018,5,12-17 yr,Overall,Overall,7.5,1.5,null,null
Entire Network,FluSurv-NET,2017-18,2018,6,12-17 yr,Overall,Overall,8.9,1.4,null,null
Entire Network,FluSurv-NET,2017-18,2018,7,12-17 yr,Overall,Overall,10.3,1.4,null,null
Entire Network,FluSurv-NET,2017-18,2018,8,12-17 yr,Overall,Overall,11.4,1.1,null,null
Entire Network,FluSurv-NET,2017-18,2018,9,12-17 yr,Overall,Overall,12,0.5,null,null
Entire Network,FluSurv-NET,2017-18,2018,10,12-17 yr,Overall,Overall,12.4,0.4,null,null
Entire Network,FluSurv-NET,2017-18,2018,11,12-17 yr,Overall,Overall,12.6,0.3,null,null
Entire Network,FluSurv-NET,2017-18,2018,12,12-17 yr,Overall,Overall,13.2,0.5,null,null
Entire Network,FluSurv-NET,2017-18,2018,13,12-17 yr,Overall,Overall,13.6,0.4,null,null
Entire Network,FluSurv-NET,2017-18,2018,14,12-17 yr,Overall,Overall,13.6,0,null,null
Entire Network,FluSurv-NET,2017-18,2018,15,12-17 yr,Overall,Overall,13.7,0,null,null
Entire Network,FluSurv-NET,2017-18,2018,16,12-17 yr,Overall,Overall,13.8,0.1,null,null
Entire Network,FluSurv-NET,2017-18,2018,17,12-17 yr,Overall,Overall,14,0.3,null,null
Entire Network,FluSurv-NET,2017-18,2017,40,< 18,Overall,Overall,0,0,null,null
Entire Network,FluSurv-NET,2017-18,2017,41,< 18,Overall,Overall,0.1,0,null,null
Entire Network,FluSurv-NET,2017-18,2017,42,< 18,Overall,Overall,0.2,0.1,null,null
Entire Network,FluSurv-NET,2017-18,2017,43,< 18,Overall,Overall,0.2,0.1,null,null
Entire Network,FluSurv-NET,2017-18,2017,44,< 18,Overall,Overall,0.4,0.2,null,null
Entire Network,FluSurv-NET,2017-18,2017,45,< 18,Overall,Overall,0.5,0.1,null,null
Entire Network,FluSurv-NET,2017-18,2017,46,< 18,Overall,Overall,0.8,0.2,null,null
Entire Network,FluSurv-NET,2017-18,2017,47,< 18,Overall,Overall,1.1,0.4,null,null
Entire Network,FluSurv-NET,2017-18,2017,48,< 18,Overall,Overall,1.5,0.4,null,null
Entire Network,FluSurv-NET,2017-18,2017,49,< 18,Overall,Overall,1.9,0.4,null,null
Entire Network,FluSurv-NET,2017-18,2017,50,< 18,Overall,Overall,2.8,0.9,null,null
Entire Network,FluSurv-NET,2017-18,2017,51,< 18,Overall,Overall,4,1.2,null,null
Entire Network,FluSurv-NET,2017-18,2017,52,< 18,Overall,Overall,6.2,2.1,null,null
Entire Network,FluSurv-NET,2017-18,2018,1,< 18,Overall,Overall,7.9,1.7,null,null
Entire Network,FluSurv-NET,2017-18,2018,2,< 18,Overall,Overall,10.2,2.3,null,null
Entire Network,FluSurv-NET,2017-18,2018,3,< 18,Overall,Overall,12.4,2.2,null,null
Entire Network,FluSurv-NET,2017-18,2018,4,< 18,Overall,Overall,15.4,3,null,null
Entire Network,FluSurv-NET,2017-18,2018,5,< 18,Overall,Overall,18.8,3.4,null,null
Entire Network,FluSurv-NET,2017-18,2018,6,< 18,Overall,Overall,21.9,3.1,null,null
Entire Network,FluSurv-NET,2017-18,2018,7,< 18,Overall,Overall,24.6,2.7,null,null
Entire Network,FluSurv-NET,2017-18,2018,8,< 18,Overall,Overall,27,2.3,null,null
Entire Network,FluSurv-NET,2017-18,2018,9,< 18,Overall,Overall,28.2,1.3,null,null
Entire Network,FluSurv-NET,2017-18,2018,10,< 18,Overall,Overall,29.3,1.1,null,null
Entire Network,FluSurv-NET,2017-18,2018,11,< 18,Overall,Overall,30.2,0.9,null,null
Entire Network,FluSurv-NET,2017-18,2018,12,< 18,Overall,Overall,31.3,1.1,null,null
Entire Network,FluSurv-NET,2017-18,2018,13,< 18,Overall,Overall,32,0.7,null,null
Entire Network,FluSurv-NET,2017-18,2018,14,< 18,Overall,Overall,32.3,0.4,null,null
Entire Network,FluSurv-NET,2017-18,2018,15,< 18,Overall,Overall,32.7,0.3,null,null
Entire Network,FluSurv-NET,2017-18,2018,16,< 18,Overall,Overall,33,0.3,null,null
Entire Network,FluSurv-NET,2017-18,2018,17,< 18,Overall,Overall,33.5,0.5,null,null
Entire Network,FluSurv-NET,2017-18,2017,40,>= 18,Overall,Overall,0.1,0.1,null,null
Entire Network,FluSurv-NET,2017-18,2017,41,>= 18,Overall,Overall,0.3,0.1,null,null
Entire Network,FluSurv-NET,2017-18,2017,42,>= 18,Overall,Overall,0.6,0.3,null,null
Entire Network,FluSurv-NET,2017-18,2017,43,>= 18,Overall,Overall,0.8,0.3,null,null
Entire Network,FluSurv-NET,2017-18,2017,44,>= 18,Overall,Overall,1.2,0.3,null,null
Entire Network,FluSurv-NET,2017-18,2017,45,>= 18,Overall,Overall,1.6,0.4,null,null
Entire Network,FluSurv-NET,2017-18,2017,46,>= 18,Overall,Overall,2.1,0.5,null,null
Entire Network,FluSurv-NET,2017-18,2017,47,>= 18,Overall,Overall,2.9,0.9,null,null
Entire Network,FluSurv-NET,2017-18,2017,48,>= 18,Overall,Overall,4.3,1.4,null,null
Entire Network,FluSurv-NET,2017-18,2017,49,>= 18,Overall,Overall,6,1.7,null,null
Entire Network,FluSurv-NET,2017-18,2017,50,>= 18,Overall,Overall,8.7,2.8,null,null
Entire Network,FluSurv-NET,2017-18,2017,51,>= 18,Overall,Overall,14.4,5.6,null,null
Entire Network,FluSurv-NET,2017-18,2017,52,>= 18,Overall,Overall,24.3,10,null,null
Entire Network,FluSurv-NET,2017-18,2018,1,>= 18,Overall,Overall,37,12.7,null,null
Entire Network,FluSurv-NET,2017-18,2018,2,>= 18,Overall,Overall,49,12,null,null
Entire Network,FluSurv-NET,2017-18,2018,3,>= 18,Overall,Overall,59.8,10.8,null,null
Entire Network,FluSurv-NET,2017-18,2018,4,>= 18,Overall,Overall,69.9,10.2,null,null
Entire Network,FluSurv-NET,2017-18,2018,5,>= 18,Overall,Overall,79,9,null,null
Entire Network,FluSurv-NET,2017-18,2018,6,>= 18,Overall,Overall,87.1,8.1,null,null
Entire Network,FluSurv-NET,2017-18,2018,7,>= 18,Overall,Overall,94.4,7.3,null,null
Entire Network,FluSurv-NET,2017-18,2018,8,>= 18,Overall,Overall,100.5,6,null,null
Entire Network,FluSurv-NET,2017-18,2018,9,>= 18,Overall,Overall,104.7,4.2,null,null
Entire Network,FluSurv-NET,2017-18,2018,10,>= 18,Overall,Overall,108,3.3,null,null
Entire Network,FluSurv-NET,2017-18,2018,11,>= 18,Overall,Overall,111.3,3.3,null,null
Entire Network,FluSurv-NET,2017-18,2018,12,>= 18,Overall,Overall,113.9,2.6,null,null
Entire Network,FluSurv-NET,2017-18,2018,13,>= 18,Overall,Overall,116.6,2.7,null,null
Entire Network,FluSurv-NET,2017-18,2018,14,>= 18,Overall,Overall,118.9,2.3,null,null
Entire Network,FluSurv-NET,2017-18,2018,15,>= 18,Overall,Overall,120.6,1.6,null,null
Entire Network,FluSurv-NET,2017-18,2018,16,>= 18,Overall,Overall,121.8,1.2,null,null
Entire Network,FluSurv-NET,2017-18,2018,17,>= 18,Overall,Overall,122.9,1.1,null,null